owner,record_id,deal,stage,amount,check,detail,what_to_do
(no owner),32224303809,"Winterhude Bau – Workforce analytics, 40 seats",Contract Sent,38800,NO_OWNER,no owner,Give it an owner
(no owner),32077436878,"Seemeile Gastro – Shift planning + time tracking, 300 seats",Appointment Scheduled,11500,NO_OWNER,no owner,Give it an owner
(no owner),32126245212,Silbermöwe Facility Services – Expansion +60 seats,Decision Maker Bought-In,7400,NO_OWNER,no owner,Give it an owner
Aylin Example,32015337901,Lotsenhaus Bau – Expansion +150 seats,Qualified To Buy,,NO_AMOUNT,"stage Qualified To Buy, no amount",Add the amount (it counts as €0 in the forecast until then)
Aylin Example,32134741420,"Kirchdorf Kliniken – Shift planning, 25 seats",Presentation Scheduled,,NO_AMOUNT,"stage Presentation Scheduled, no amount",Add the amount (it counts as €0 in the forecast until then)
Aylin Example,31968739105,Bernstein Event – Expansion +40 seats,Closed Won,24900,WON_FUTURE_DATE,"closed won, close date 2026-10-24","Closed won, but the close date is in the future: fix the date"
Aylin Example,32148389610,"Francop Log. GmbH: workforce analytics, 25 seats",Appointment Scheduled,14700,DUPLICATE,"copy of 32093870221 (Francop Logistik – Workforce analytics, 25 seats); Same company abbreviated, same domain and city, same 25-seat analytics deal, close amounts.",Looks like a second copy of another deal: merge it into the original
Clara Example,32040769777,Lotsenhaus Event – Renewal 2027,Contract Sent,29500,PAST_CLOSE,"close date 2026-10-01, 11 days ago",The close date has passed: move it or close the deal
Clara Example,32128779953,Neugraben Hotels – Workforce analytics add-on,Qualified To Buy,54800,STALE,last activity 46 days ago,No activity for 31-60 days: book a next step or downgrade it
Clara Example,32089855587,Neuenfelde Handel – Renewal 2027,Appointment Scheduled,26600,STALE,last activity 36 days ago,No activity for 31-60 days: book a next step or downgrade it
Clara Example,32120217853,"Wattenmeer Handel – Shift planning + time tracking, 300 seats",Presentation Scheduled,180000,ZOMBIE,last activity 68 days ago,"No activity for over 60 days: close it as lost, or prove it's alive"
Clara Example,32291030631,Sandtor Spediiton GmbH: expansion +150 seats,Decision Maker Bought-In,132300,DUPLICATE,"copy of 32287349317 (Sandtor Spedition – Expansion +150 seats); Typo in Spedition, same domain and city, identical +150 seat expansion, close amounts.",Looks like a second copy of another deal: merge it into the original
Clara Example,32225749347,Expansion +120 seats for Kirchdorf Kli. gGmbH,Decision Maker Bought-In,38100,DUPLICATE,"copy of 32200215760 (Kirchdorf Kliniken – Expansion +120 seats); Same Kirchdorf Kliniken abbreviated, same city, identical +120 seat expansion, close amounts.",Looks like a second copy of another deal: merge it into the original
Clara Example,32150786470,BIRKENHAIN PFLEGE GMBH & CO. KG - Expansion +150 seats,Appointment Scheduled,13900,DUPLICATE,"copy of 32124416677 (Birkenhain Pflege – Expansion +150 seats); Same Birkenhain Pflege, same domain and city, identical +150 seat expansion and amount.",Looks like a second copy of another deal: merge it into the original
Clara Example,32293229190,"Lotsenhaus Bua UG - Shift planning, 120 seats",Appointment Scheduled,10000,DUPLICATE,"copy of 32265218497 (Lotsenhaus Bau – Shift planning, 120 seats); Company name typo (Bua vs Bau), same domain and city, identical 120-seat shift planning deal.",Looks like a second copy of another deal: merge it into the original
Finn Example,32122483130,"Neugraben Facility Services – Shift planning + time tracking, 300 seats",Qualified To Buy,66200,PAST_CLOSE,"close date 2026-10-04, 8 days ago",The close date has passed: move it or close the deal
Finn Example,32180403156,Waltershof Sicherheitsdienst – Expansion +300 seats,Contract Sent,5600,PAST_CLOSE,"close date 2026-09-25, 17 days ago",The close date has passed: move it or close the deal
Finn Example,32011826077,Ochsenwerder Bau – Expansion +40 seats,Appointment Scheduled,81300,ZOMBIE,last activity 91 days ago,"No activity for over 60 days: close it as lost, or prove it's alive"
Finn Example,32010657364,Blauwal Pflege – Expansion +300 seats,Qualified To Buy,57100,ZOMBIE,last activity 107 days ago,"No activity for over 60 days: close it as lost, or prove it's alive"
Finn Example,32126988740,Tidenhub Kliniken – Renewal 2027,Appointment Scheduled,56800,ZOMBIE,last activity 111 days ago,"No activity for over 60 days: close it as lost, or prove it's alive"
Finn Example,32017687379,Wattenmeer Handel – Workforce analytics add-on,Appointment Scheduled,50300,ZOMBIE,last activity 133 days ago,"No activity for over 60 days: close it as lost, or prove it's alive"
Finn Example,32019490025,Altona Hotels – Expansion +200 seats,Presentation Scheduled,16000,ZOMBIE,last activity 143 days ago,"No activity for over 60 days: close it as lost, or prove it's alive"
Finn Example,32238616526,"Ankerplatz Bau – Shift planning + time tracking, 25 seats",Closed Won,11400,WON_FUTURE_DATE,"closed won, close date 2026-11-20","Closed won, but the close date is in the future: fix the date"
Finn Example,32053691954,"Tatenberg Reinigung – Workforce analytics, 80 seats",Qualified To Buy,73400,DUPLICATE,"copy of 32050202520 (Tatenberg Reinigung – Workforce analytics, 80 seats); same company record and same deal name",Looks like a second copy of another deal: merge it into the original
Jonas Example,31999326915,"Wandsbek Gastro – Time tracking, 300 seats",Qualified To Buy,,NO_AMOUNT,"stage Qualified To Buy, no amount",Add the amount (it counts as €0 in the forecast until then)
Jonas Example,32228640465,"Uhlenhorst Bau – Shift planning + time tracking, 60 seats",Presentation Scheduled,,NO_AMOUNT,"stage Presentation Scheduled, no amount",Add the amount (it counts as €0 in the forecast until then)
Jonas Example,32262239546,Strandgut Spedition – Expansion +40 seats,Qualified To Buy,,NO_AMOUNT,"stage Qualified To Buy, no amount",Add the amount (it counts as €0 in the forecast until then)
Jonas Example,32085078431,Billwerder Pflege – Expansion +150 seats,Appointment Scheduled,41000,NO_CLOSE_DATE,no close date,Add a close date (it is in no quarter's forecast until then)
Jonas Example,32058262004,Billwerder Pflege – Renewal 2027,Decision Maker Bought-In,67800,STALE,last activity 45 days ago,No activity for 31-60 days: book a next step or downgrade it
Jonas Example,32237119458,Heimfeld Sicherheitsdienst – Expansion +300 seats,Appointment Scheduled,4800,STALE,last activity 40 days ago,No activity for 31-60 days: book a next step or downgrade it
Jonas Example,32058990997,Lindenhof Handel – Expansion +60 seats,Appointment Scheduled,38700,ZOMBIE,last activity 98 days ago,"No activity for over 60 days: close it as lost, or prove it's alive"
Jonas Example,32194081646,Rönneburg Hotels – Expansion +300 seats,Qualified To Buy,109700,DUPLICATE,copy of 32193941312 (Rönneburg Hotels – Expansion +300 seats); same company record and same deal name,Looks like a second copy of another deal: merge it into the original
Jonas Example,32117287664,"Shift planning + time tracking, 60 seats for Grünspan Logistik",Contract Sent,64600,DUPLICATE,"copy of 32067707686 (Grünspan Logistik – Shift planning + time tracking, 60 seats); Same company, same 60-seat shift planning and time tracking purchase, close amounts and same domain stem.",Looks like a second copy of another deal: merge it into the original
Jonas Example,32162047647,Wilhelmsburg Handel – Renewal 2027,Presentation Scheduled,33400,DUPLICATE,copy of 32158874439 (Wilhelmsburg Handel – Renewal 2027); same company record and same deal name,Looks like a second copy of another deal: merge it into the original
Jonas Example,32055531452,Sandtor Event – Expansion +60 seats,Appointment Scheduled,15100,DUPLICATE,copy of 32054122973 (Sandtor Event – Expansion +60 seats); same company record and same deal name,Looks like a second copy of another deal: merge it into the original
Jonas Example,32099245661,"Kaiserkai Kliniken – Workforce analytics, 80 seats",Appointment Scheduled,9200,DUPLICATE,"copy of 32091304620 (Kaiserkai Kliniken – Workforce analytics, 80 seats); same company record and same deal name",Looks like a second copy of another deal: merge it into the original
Leonie Example,32052317011,"Ostwind Facility Services – Workforce analytics, 120 seats",Qualified To Buy,,NO_AMOUNT,"stage Qualified To Buy, no amount",Add the amount (it counts as €0 in the forecast until then)
Leonie Example,32292603246,Hammerbrook Pflege – Expansion +40 seats,Presentation Scheduled,11400,NO_CLOSE_DATE,no close date,Add a close date (it is in no quarter's forecast until then)
Leonie Example,32028024812,"Veddel Spedition – Workforce analytics, 200 seats",Qualified To Buy,52500,PAST_CLOSE,"close date 2026-09-13, 29 days ago",The close date has passed: move it or close the deal
Leonie Example,32131601117,Allermöhe Hotels – Workforce analytics add-on,Contract Sent,5200,PAST_CLOSE,"close date 2026-09-18, 24 days ago",The close date has passed: move it or close the deal
Leonie Example,32046490844,Wattenmeer Handel – Renewal 2027,Appointment Scheduled,80200,STALE,last activity 60 days ago,No activity for 31-60 days: book a next step or downgrade it
Leonie Example,32004476615,Uhlenhorst Bau – Workforce analytics add-on,Decision Maker Bought-In,16500,ZOMBIE,last activity 125 days ago,"No activity for over 60 days: close it as lost, or prove it's alive"
Leonie Example,32273517805,Eppendorf Sicherheitsdienst Lüneburg - Expansion +120 seats,Appointment Scheduled,88900,DUPLICATE,"copy of 32257851869 (Eppendorf Sicherheitsdienst – Expansion +120 seats); Same Eppendorf Sicherheitsdienst, same domain and city, identical +120 seat expansion, close amounts.",Looks like a second copy of another deal: merge it into the original
Leonie Example,32251617713,"BLAUWAL PFLEGE GMBH & CO. KG: time tracking, 40 seats",Qualified To Buy,24400,DUPLICATE,"copy of 32241877346 (Blauwal Pflege – Time tracking, 40 seats); Same Blauwal Pflege in Rostock, same 40-seat time tracking deal, close amounts.",Looks like a second copy of another deal: merge it into the original
Murat Example,32164760202,"Fleetwerk Reinigung – Time tracking, 60 seats",Contract Sent,,NO_AMOUNT,"stage Contract Sent, no amount",Add the amount (it counts as €0 in the forecast until then)
Murat Example,32239839258,Kirchdorf Kliniken – Renewal 2027,Decision Maker Bought-In,,NO_AMOUNT,"stage Decision Maker Bought-In, no amount",Add the amount (it counts as €0 in the forecast until then)
Murat Example,32034447767,Wandsbek Gastro – Expansion +120 seats,Decision Maker Bought-In,56600,NO_CLOSE_DATE,no close date,Add a close date (it is in no quarter's forecast until then)
Murat Example,32042328331,Moorfleet Hotels – Expansion +25 seats,Appointment Scheduled,16500,NO_CLOSE_DATE,no close date,Add a close date (it is in no quarter's forecast until then)
Murat Example,32097481765,Sinstorf Event – Renewal 2027,Qualified To Buy,28500,PAST_CLOSE,"close date 2026-10-09, 3 days ago",The close date has passed: move it or close the deal
Murat Example,32176350354,Curslack Event – Expansion +25 seats,Presentation Scheduled,50000,STALE,last activity 59 days ago,No activity for 31-60 days: book a next step or downgrade it
Murat Example,31992021103,"Seemeile Sicherheitsdienst – Workforce analytics, 120 seats",Closed Won,11000,WON_FUTURE_DATE,"closed won, close date 2026-11-04","Closed won, but the close date is in the future: fix the date"
Murat Example,32032282390,"Ebbe Gastro – Workforce analytics, 60 seats",Contract Sent,47900,DUPLICATE,"copy of 32030480841 (Ebbe Gastro – Workforce analytics, 60 seats); same company record and same deal name",Looks like a second copy of another deal: merge it into the original
Murat Example,32142514618,"Westwall Pflege Flensburg: shift planning + time tracking, 40 seats",Appointment Scheduled,26600,DUPLICATE,"copy of 32109871077 (Westwall Pflege – Shift planning + time tracking, 40 seats); Same Westwall Pflege, same domain and city, same 40-seat shift planning deal, close amounts.",Looks like a second copy of another deal: merge it into the original
Murat Example,32290382328,Ankerplatz Bau: renewal 2027,Presentation Scheduled,23200,DUPLICATE,"copy of 32282170459 (Ankerplatz Bau – Renewal 2027); Same Ankerplatz Bau, same city, renewal 2027, same close date, close amounts.",Looks like a second copy of another deal: merge it into the original
Murat Example,32222322861,Eichenwald Facility Services – Workforce analytics add-on,Appointment Scheduled,14000,DUPLICATE,copy of 32217763270 (Eichenwald Facility Services – Workforce analytics add-on); same company record and same deal name,Looks like a second copy of another deal: merge it into the original
Murat Example,32067281733,Hafenkante Pflege – Expansion +40 seats,Contract Sent,7800,DUPLICATE,copy of 32065716441 (Hafenkante Pflege – Expansion +40 seats); same company record and same deal name,Looks like a second copy of another deal: merge it into the original
