would_send_at,type,channel,to,recipient,case_id,subject,message,wording,sent
"Fri 16 Oct 2026, 16:00",3. weekly update: client,Email,client1@example.com,Priya (client),C-001,Your weekly update: 8 of 11 documents in (C-001),"Hi Priya,

here is your weekly update for case C-001 (EU Blue Card).

Progress: 8 of 11 documents in.
New this week (thank you!):
- Recognition or comparability statement for your degree
Still needed from you:
- Proof that you registered your Hamburg address
- Rental contract and the landlord's move-in confirmation
Waiting for your employer (we are in touch with HR, nothing to do for you):
- Employer's declaration about the job (salary and hours)

Next step: once everything is in, we book your appointment at the immigration office.

Please note: this checklist is illustrative and not legal advice. The immigration office decides what it needs in your case.

Best wishes,
the Elbe Example Relocation team (fictional agency, demo only)",template text (AI drafting off),"NO - demo, preview only"
"Fri 16 Oct 2026, 16:00",3. weekly update: client,Email,client2@example.com,Jake (client),C-002,Your weekly update: 7 of 10 documents in (C-002),"Hi Jake,

here is your weekly update for case C-002 (ICT card).

Progress: 7 of 10 documents in.
Still needed from you:
- Rental contract and the landlord's move-in confirmation
- Proof of health insurance
Waiting for your employer (we are in touch with HR, nothing to do for you):
- Proof that you have worked for the company group for some time before the transfer

Next step: once everything is in, we book your appointment at the immigration office.

Please note: this checklist is illustrative and not legal advice. The immigration office decides what it needs in your case.

Best wishes,
the Elbe Example Relocation team (fictional agency, demo only)",template text (AI drafting off),"NO - demo, preview only"
"Fri 16 Oct 2026, 16:00",3. weekly update: client,Email,client3@example.com,Larissa (client),C-003,Your weekly update: 9 of 12 documents in (C-003),"Hi Larissa,

here is your weekly update for case C-003 (§18b skilled worker).

Progress: 9 of 12 documents in.
New this week (thank you!):
- Residence permit application form (signed)
- Proof that you registered your Hamburg address
- Certified translations of documents that are not in German or English
Still needed from you:
- Rental contract and the landlord's move-in confirmation
- Proof of health insurance
- Recognition or comparability statement for your degree

Next step: once everything is in, we book your appointment at the immigration office.

Please note: this checklist is illustrative and not legal advice. The immigration office decides what it needs in your case.

Best wishes,
the Elbe Example Relocation team (fictional agency, demo only)",template text (AI drafting off),"NO - demo, preview only"
"Fri 16 Oct 2026, 16:00",3. weekly update: client,Email,client4@example.com,Chidi (client),C-004,Your weekly update: 4 of 11 documents in (C-004),"Hi Chidi,

here is your weekly update for case C-004 (EU Blue Card).

Progress: 4 of 11 documents in.
New this week (thank you!):
- Passport (valid for the whole planned stay) and a copy of all used pages
- One recent biometric passport photo (35 x 45 mm)
- Copy of the entry visa you travelled on
- Signed employment contract or binding job offer
Still needed from you:
- Residence permit application form (signed)
- Proof that you registered your Hamburg address
- Rental contract and the landlord's move-in confirmation
- Proof of health insurance
- University degree certificate and transcript
- Recognition or comparability statement for your degree
Waiting for your employer (we are in touch with HR, nothing to do for you):
- Employer's declaration about the job (salary and hours)

Next step: once everything is in, we book your appointment at the immigration office.

Please note: this checklist is illustrative and not legal advice. The immigration office decides what it needs in your case.

Best wishes,
the Elbe Example Relocation team (fictional agency, demo only)",template text (AI drafting off),"NO - demo, preview only"