week_start,what,detail
2025-11-03,week,"5 open days, 0% of them school holidays, cancel/no-show rate 0.068"
2025-11-10,week,"5 open days, 0% of them school holidays, cancel/no-show rate 0.094"
2025-11-17,week,"5 open days, 0% of them school holidays, cancel/no-show rate 0.067"
2025-11-24,week,"5 open days, 0% of them school holidays, cancel/no-show rate 0.085"
2025-12-01,week,"5 open days, 0% of them school holidays, cancel/no-show rate 0.125"
2025-12-08,week,"5 open days, 0% of them school holidays, cancel/no-show rate 0.123"
2025-12-15,week,"5 open days, 60% of them school holidays, cancel/no-show rate 0.128"
2025-12-22,week,"2 open days, 100% of them school holidays, cancel/no-show rate 0.104"
2025-12-29,week,"1 open days, 100% of them school holidays, cancel/no-show rate 0.083"
2026-01-05,week,"5 open days, 0% of them school holidays, cancel/no-show rate 0.114, January rebound"
2026-01-12,week,"5 open days, 0% of them school holidays, cancel/no-show rate 0.125, January rebound"
2026-01-19,week,"5 open days, 0% of them school holidays, cancel/no-show rate 0.103, January rebound"
2026-01-26,week,"5 open days, 20% of them school holidays, cancel/no-show rate 0.088"
2026-02-02,week,"5 open days, 0% of them school holidays, cancel/no-show rate 0.094"
2026-02-09,week,"5 open days, 0% of them school holidays, cancel/no-show rate 0.119"
2026-02-16,week,"5 open days, 0% of them school holidays, cancel/no-show rate 0.113"
2026-02-23,week,"5 open days, 0% of them school holidays, cancel/no-show rate 0.090"
2026-03-02,week,"5 open days, 100% of them school holidays, cancel/no-show rate 0.076"
2026-03-09,week,"5 open days, 100% of them school holidays, cancel/no-show rate 0.082"
2026-03-16,week,"5 open days, 0% of them school holidays, cancel/no-show rate 0.089"
2026-03-23,week,"5 open days, 0% of them school holidays, cancel/no-show rate 0.082"
2026-03-30,week,"4 open days, 0% of them school holidays, cancel/no-show rate 0.095"
2026-04-06,week,"4 open days, 0% of them school holidays, cancel/no-show rate 0.080"
2026-04-13,week,"5 open days, 0% of them school holidays, cancel/no-show rate 0.066"
2026-04-20,week,"5 open days, 0% of them school holidays, cancel/no-show rate 0.093"
2026-04-27,week,"4 open days, 0% of them school holidays, cancel/no-show rate 0.085"
2026-05-04,week,"5 open days, 0% of them school holidays, cancel/no-show rate 0.084"
2026-05-11,week,"4 open days, 100% of them school holidays, cancel/no-show rate 0.098"
2026-05-18,week,"5 open days, 0% of them school holidays, cancel/no-show rate 0.079"
2026-05-25,week,"4 open days, 0% of them school holidays, cancel/no-show rate 0.079"
2026-06-01,week,"5 open days, 0% of them school holidays, cancel/no-show rate 0.067"
2026-06-08,week,"5 open days, 0% of them school holidays, cancel/no-show rate 0.082"
2026-06-15,week,"5 open days, 0% of them school holidays, cancel/no-show rate 0.051"
2026-06-22,week,"5 open days, 0% of them school holidays, cancel/no-show rate 0.097"
2026-06-29,week,"5 open days, 0% of them school holidays, cancel/no-show rate 0.051"
2026-07-06,week,"5 open days, 40% of them school holidays, cancel/no-show rate 0.072"
2026-07-13,week,"5 open days, 100% of them school holidays, cancel/no-show rate 0.065"
2026-07-20,week,"5 open days, 100% of them school holidays, cancel/no-show rate 0.074"
2026-07-27,week,"5 open days, 100% of them school holidays, cancel/no-show rate 0.078"
2026-08-03,week,"5 open days, 100% of them school holidays, cancel/no-show rate 0.083"
2026-08-10,week,"5 open days, 100% of them school holidays, cancel/no-show rate 0.077"
2026-08-17,week,"5 open days, 60% of them school holidays, cancel/no-show rate 0.086"
2026-08-24,week,"5 open days, 0% of them school holidays, cancel/no-show rate 0.092"
2026-08-31,week,"5 open days, 0% of them school holidays, cancel/no-show rate 0.096"
2026-09-07,week,"5 open days, 0% of them school holidays, cancel/no-show rate 0.081"
2026-09-14,week,"5 open days, 0% of them school holidays, cancel/no-show rate 0.098"
2026-09-21,week,"5 open days, 0% of them school holidays, cancel/no-show rate 0.053"
2026-09-28,week,"5 open days, 0% of them school holidays, cancel/no-show rate 0.065"
2026-10-05,week,"5 open days, 0% of them school holidays, cancel/no-show rate 0.085"
2026-10-12,week,"5 open days, 0% of them school holidays, cancel/no-show rate 0.066"
2026-04-06,sickness,"Malte off sick 2 week(s), unannounced (week 1 booked, not held)"
2026-03-30,sickness,"Malte off sick 1 week(s), unannounced (week 1 booked, not held)"
2026-08-03,vacation,"Jana 2 weeks summer vacation (known, not booked)"
2026-07-13,vacation,"Malte 2 weeks summer vacation (known, not booked)"
2026-07-20,vacation,"Selin 2 weeks summer vacation (known, not booked)"
2026-08-03,vacation,"Tom 2 weeks summer vacation (known, not booked)"
2026-06-01,new therapist,"Lena starts (25/50/75/100% of a 28-session list over 4 weeks), more taping and lymph drainage"
