count_date,week_start,item_id,count_error
2026-03-06,2026-03-02,KT-TAPE,1
2026-08-21,2026-08-17,KT-TAPE,1
2026-10-09,2026-10-05,KT-TAPE,1
2026-03-06,2026-03-02,RIGID-TAPE,-1
2026-10-02,2026-09-28,RIGID-TAPE,-1
2025-11-07,2025-11-03,LOTION,2
2025-11-28,2025-11-24,LOTION,2
2025-12-12,2025-12-08,LOTION,1
2025-12-26,2025-12-22,LOTION,-1
2026-08-14,2026-08-10,LOTION,2
2026-09-18,2026-09-14,LOTION,2
2025-11-14,2025-11-10,COLD-PACK,-2
2026-06-12,2026-06-08,US-GEL,-1
2026-07-03,2026-06-29,US-GEL,-1
2026-07-10,2026-07-06,US-GEL,2
2026-07-17,2026-07-13,US-GEL,-2
2026-09-04,2026-08-31,US-GEL,-2
2025-11-28,2025-11-24,COUCH-ROLL,1
2025-12-05,2025-12-01,COUCH-ROLL,-2
2026-10-02,2026-09-28,COUCH-ROLL,-1
2026-05-15,2026-05-11,GLOVES-M,-2
2025-11-28,2025-11-24,DISINF-WIPES,2
2026-05-01,2026-04-27,DISINF-WIPES,-1
2026-07-17,2026-07-13,DISINF-WIPES,-2
2026-09-18,2026-09-14,DISINF-WIPES,-2
2025-11-07,2025-11-03,HAND-SAN,1
2025-12-26,2025-12-22,HAND-SAN,1
2026-04-03,2026-03-30,HAND-SAN,-2
2026-07-03,2026-06-29,HAND-SAN,-1
2025-12-26,2025-12-22,PAPER-TOWELS,-1
2026-01-09,2026-01-05,PAPER-TOWELS,-2
2026-05-15,2026-05-11,PAPER-TOWELS,-2
2026-08-14,2026-08-10,PAPER-TOWELS,-2
2026-04-24,2026-04-20,ELECTRODES,-1
2026-07-31,2026-07-27,ELECTRODES,-1
