week_start,item_id,used
2025-11-03,KT-TAPE,2
2025-11-10,KT-TAPE,8
2025-11-17,KT-TAPE,8
2025-11-24,KT-TAPE,4
2025-12-01,KT-TAPE,5
2025-12-08,KT-TAPE,3
2025-12-15,KT-TAPE,12
2025-12-22,KT-TAPE,6
2025-12-29,KT-TAPE,0
2026-01-05,KT-TAPE,5
2026-01-12,KT-TAPE,6
2026-01-19,KT-TAPE,4
2026-01-26,KT-TAPE,1
2026-02-02,KT-TAPE,7
2026-02-09,KT-TAPE,2
2026-02-16,KT-TAPE,7
2026-02-23,KT-TAPE,6
2026-03-02,KT-TAPE,5
2026-03-09,KT-TAPE,4
2026-03-16,KT-TAPE,9
2026-03-23,KT-TAPE,4
2026-03-30,KT-TAPE,6
2026-04-06,KT-TAPE,4
2026-04-13,KT-TAPE,11
2026-04-20,KT-TAPE,7
2026-04-27,KT-TAPE,7
2026-05-04,KT-TAPE,5
2026-05-11,KT-TAPE,6
2026-05-18,KT-TAPE,12
2026-05-25,KT-TAPE,14
2026-06-01,KT-TAPE,6
2026-06-08,KT-TAPE,11
2026-06-15,KT-TAPE,8
2026-06-22,KT-TAPE,20
2026-06-29,KT-TAPE,14
2026-07-06,KT-TAPE,10
2026-07-13,KT-TAPE,10
2026-07-20,KT-TAPE,8
2026-07-27,KT-TAPE,13
2026-08-03,KT-TAPE,16
2026-08-10,KT-TAPE,6
2026-08-17,KT-TAPE,17
2026-08-24,KT-TAPE,25
2026-08-31,KT-TAPE,29
2026-09-07,KT-TAPE,13
2026-09-14,KT-TAPE,13
2026-09-21,KT-TAPE,12
2026-09-28,KT-TAPE,14
2026-10-05,KT-TAPE,12
2026-10-12,KT-TAPE,14
2025-11-03,RIGID-TAPE,7
2025-11-10,RIGID-TAPE,7
2025-11-17,RIGID-TAPE,14
2025-11-24,RIGID-TAPE,10
2025-12-01,RIGID-TAPE,8
2025-12-08,RIGID-TAPE,7
2025-12-15,RIGID-TAPE,13
2025-12-22,RIGID-TAPE,7
2025-12-29,RIGID-TAPE,0
2026-01-05,RIGID-TAPE,6
2026-01-12,RIGID-TAPE,6
2026-01-19,RIGID-TAPE,3
2026-01-26,RIGID-TAPE,10
2026-02-02,RIGID-TAPE,9
2026-02-09,RIGID-TAPE,7
2026-02-16,RIGID-TAPE,8
2026-02-23,RIGID-TAPE,6
2026-03-02,RIGID-TAPE,6
2026-03-09,RIGID-TAPE,4
2026-03-16,RIGID-TAPE,5
2026-03-23,RIGID-TAPE,2
2026-03-30,RIGID-TAPE,5
2026-04-06,RIGID-TAPE,4
2026-04-13,RIGID-TAPE,8
2026-04-20,RIGID-TAPE,5
2026-04-27,RIGID-TAPE,5
2026-05-04,RIGID-TAPE,11
2026-05-11,RIGID-TAPE,3
2026-05-18,RIGID-TAPE,16
2026-05-25,RIGID-TAPE,16
2026-06-01,RIGID-TAPE,7
2026-06-08,RIGID-TAPE,10
2026-06-15,RIGID-TAPE,7
2026-06-22,RIGID-TAPE,26
2026-06-29,RIGID-TAPE,29
2026-07-06,RIGID-TAPE,6
2026-07-13,RIGID-TAPE,10
2026-07-20,RIGID-TAPE,1
2026-07-27,RIGID-TAPE,8
2026-08-03,RIGID-TAPE,13
2026-08-10,RIGID-TAPE,14
2026-08-17,RIGID-TAPE,18
2026-08-24,RIGID-TAPE,35
2026-08-31,RIGID-TAPE,37
2026-09-07,RIGID-TAPE,22
2026-09-14,RIGID-TAPE,7
2026-09-21,RIGID-TAPE,19
2026-09-28,RIGID-TAPE,17
2026-10-05,RIGID-TAPE,11
2026-10-12,RIGID-TAPE,14
2025-11-03,LOTION,0
2025-11-10,LOTION,3
2025-11-17,LOTION,1
2025-11-24,LOTION,0
2025-12-01,LOTION,6
2025-12-08,LOTION,0
2025-12-15,LOTION,4
2025-12-22,LOTION,1
2025-12-29,LOTION,0
2026-01-05,LOTION,1
2026-01-12,LOTION,3
2026-01-19,LOTION,0
2026-01-26,LOTION,2
2026-02-02,LOTION,0
2026-02-09,LOTION,0
2026-02-16,LOTION,2
2026-02-23,LOTION,4
2026-03-02,LOTION,0
2026-03-09,LOTION,3
2026-03-16,LOTION,2
2026-03-23,LOTION,0
2026-03-30,LOTION,1
2026-04-06,LOTION,3
2026-04-13,LOTION,2
2026-04-20,LOTION,3
2026-04-27,LOTION,3
2026-05-04,LOTION,2
2026-05-11,LOTION,3
2026-05-18,LOTION,4
2026-05-25,LOTION,1
2026-06-01,LOTION,2
2026-06-08,LOTION,0
2026-06-15,LOTION,1
2026-06-22,LOTION,2
2026-06-29,LOTION,1
2026-07-06,LOTION,1
2026-07-13,LOTION,2
2026-07-20,LOTION,0
2026-07-27,LOTION,1
2026-08-03,LOTION,0
2026-08-10,LOTION,0
2026-08-17,LOTION,3
2026-08-24,LOTION,2
2026-08-31,LOTION,4
2026-09-07,LOTION,1
2026-09-14,LOTION,0
2026-09-21,LOTION,4
2026-09-28,LOTION,4
2026-10-05,LOTION,0
2026-10-12,LOTION,2
2025-11-03,COLD-PACK,2
2025-11-10,COLD-PACK,7
2025-11-17,COLD-PACK,3
2025-11-24,COLD-PACK,0
2025-12-01,COLD-PACK,3
2025-12-08,COLD-PACK,2
2025-12-15,COLD-PACK,3
2025-12-22,COLD-PACK,1
2025-12-29,COLD-PACK,0
2026-01-05,COLD-PACK,5
2026-01-12,COLD-PACK,4
2026-01-19,COLD-PACK,1
2026-01-26,COLD-PACK,3
2026-02-02,COLD-PACK,4
2026-02-09,COLD-PACK,2
2026-02-16,COLD-PACK,2
2026-02-23,COLD-PACK,10
2026-03-02,COLD-PACK,5
2026-03-09,COLD-PACK,2
2026-03-16,COLD-PACK,2
2026-03-23,COLD-PACK,4
2026-03-30,COLD-PACK,1
2026-04-06,COLD-PACK,0
2026-04-13,COLD-PACK,5
2026-04-20,COLD-PACK,7
2026-04-27,COLD-PACK,2
2026-05-04,COLD-PACK,4
2026-05-11,COLD-PACK,3
2026-05-18,COLD-PACK,5
2026-05-25,COLD-PACK,4
2026-06-01,COLD-PACK,2
2026-06-08,COLD-PACK,4
2026-06-15,COLD-PACK,10
2026-06-22,COLD-PACK,12
2026-06-29,COLD-PACK,7
2026-07-06,COLD-PACK,8
2026-07-13,COLD-PACK,5
2026-07-20,COLD-PACK,1
2026-07-27,COLD-PACK,3
2026-08-03,COLD-PACK,4
2026-08-10,COLD-PACK,4
2026-08-17,COLD-PACK,6
2026-08-24,COLD-PACK,9
2026-08-31,COLD-PACK,5
2026-09-07,COLD-PACK,8
2026-09-14,COLD-PACK,5
2026-09-21,COLD-PACK,7
2026-09-28,COLD-PACK,4
2026-10-05,COLD-PACK,10
2026-10-12,COLD-PACK,3
2025-11-03,US-GEL,1
2025-11-10,US-GEL,5
2025-11-17,US-GEL,0
2025-11-24,US-GEL,2
2025-12-01,US-GEL,0
2025-12-08,US-GEL,0
2025-12-15,US-GEL,1
2025-12-22,US-GEL,0
2025-12-29,US-GEL,0
2026-01-05,US-GEL,4
2026-01-12,US-GEL,6
2026-01-19,US-GEL,1
2026-01-26,US-GEL,3
2026-02-02,US-GEL,1
2026-02-09,US-GEL,3
2026-02-16,US-GEL,3
2026-02-23,US-GEL,2
2026-03-02,US-GEL,2
2026-03-09,US-GEL,2
2026-03-16,US-GEL,1
2026-03-23,US-GEL,3
2026-03-30,US-GEL,4
2026-04-06,US-GEL,1
2026-04-13,US-GEL,0
2026-04-20,US-GEL,4
2026-04-27,US-GEL,3
2026-05-04,US-GEL,3
2026-05-11,US-GEL,0
2026-05-18,US-GEL,2
2026-05-25,US-GEL,4
2026-06-01,US-GEL,2
2026-06-08,US-GEL,1
2026-06-15,US-GEL,5
2026-06-22,US-GEL,6
2026-06-29,US-GEL,5
2026-07-06,US-GEL,0
2026-07-13,US-GEL,8
2026-07-20,US-GEL,0
2026-07-27,US-GEL,2
2026-08-03,US-GEL,2
2026-08-10,US-GEL,1
2026-08-17,US-GEL,5
2026-08-24,US-GEL,3
2026-08-31,US-GEL,10
2026-09-07,US-GEL,1
2026-09-14,US-GEL,7
2026-09-21,US-GEL,5
2026-09-28,US-GEL,3
2026-10-05,US-GEL,8
2026-10-12,US-GEL,3
2025-11-03,COUCH-ROLL,11
2025-11-10,COUCH-ROLL,4
2025-11-17,COUCH-ROLL,4
2025-11-24,COUCH-ROLL,4
2025-12-01,COUCH-ROLL,13
2025-12-08,COUCH-ROLL,6
2025-12-15,COUCH-ROLL,20
2025-12-22,COUCH-ROLL,1
2025-12-29,COUCH-ROLL,3
2026-01-05,COUCH-ROLL,15
2026-01-12,COUCH-ROLL,8
2026-01-19,COUCH-ROLL,9
2026-01-26,COUCH-ROLL,8
2026-02-02,COUCH-ROLL,10
2026-02-09,COUCH-ROLL,12
2026-02-16,COUCH-ROLL,12
2026-02-23,COUCH-ROLL,9
2026-03-02,COUCH-ROLL,7
2026-03-09,COUCH-ROLL,14
2026-03-16,COUCH-ROLL,8
2026-03-23,COUCH-ROLL,9
2026-03-30,COUCH-ROLL,0
2026-04-06,COUCH-ROLL,7
2026-04-13,COUCH-ROLL,9
2026-04-20,COUCH-ROLL,9
2026-04-27,COUCH-ROLL,5
2026-05-04,COUCH-ROLL,8
2026-05-11,COUCH-ROLL,5
2026-05-18,COUCH-ROLL,7
2026-05-25,COUCH-ROLL,2
2026-06-01,COUCH-ROLL,8
2026-06-08,COUCH-ROLL,5
2026-06-15,COUCH-ROLL,4
2026-06-22,COUCH-ROLL,9
2026-06-29,COUCH-ROLL,11
2026-07-06,COUCH-ROLL,8
2026-07-13,COUCH-ROLL,5
2026-07-20,COUCH-ROLL,7
2026-07-27,COUCH-ROLL,7
2026-08-03,COUCH-ROLL,3
2026-08-10,COUCH-ROLL,11
2026-08-17,COUCH-ROLL,6
2026-08-24,COUCH-ROLL,12
2026-08-31,COUCH-ROLL,14
2026-09-07,COUCH-ROLL,13
2026-09-14,COUCH-ROLL,4
2026-09-21,COUCH-ROLL,3
2026-09-28,COUCH-ROLL,6
2026-10-05,COUCH-ROLL,14
2026-10-12,COUCH-ROLL,16
2025-11-03,GLOVES-M,1
2025-11-10,GLOVES-M,1
2025-11-17,GLOVES-M,4
2025-11-24,GLOVES-M,4
2025-12-01,GLOVES-M,4
2025-12-08,GLOVES-M,1
2025-12-15,GLOVES-M,0
2025-12-22,GLOVES-M,1
2025-12-29,GLOVES-M,0
2026-01-05,GLOVES-M,2
2026-01-12,GLOVES-M,5
2026-01-19,GLOVES-M,1
2026-01-26,GLOVES-M,1
2026-02-02,GLOVES-M,0
2026-02-09,GLOVES-M,1
2026-02-16,GLOVES-M,1
2026-02-23,GLOVES-M,2
2026-03-02,GLOVES-M,2
2026-03-09,GLOVES-M,2
2026-03-16,GLOVES-M,2
2026-03-23,GLOVES-M,3
2026-03-30,GLOVES-M,3
2026-04-06,GLOVES-M,0
2026-04-13,GLOVES-M,1
2026-04-20,GLOVES-M,2
2026-04-27,GLOVES-M,2
2026-05-04,GLOVES-M,2
2026-05-11,GLOVES-M,3
2026-05-18,GLOVES-M,0
2026-05-25,GLOVES-M,2
2026-06-01,GLOVES-M,3
2026-06-08,GLOVES-M,1
2026-06-15,GLOVES-M,3
2026-06-22,GLOVES-M,1
2026-06-29,GLOVES-M,1
2026-07-06,GLOVES-M,3
2026-07-13,GLOVES-M,0
2026-07-20,GLOVES-M,1
2026-07-27,GLOVES-M,1
2026-08-03,GLOVES-M,1
2026-08-10,GLOVES-M,2
2026-08-17,GLOVES-M,1
2026-08-24,GLOVES-M,2
2026-08-31,GLOVES-M,0
2026-09-07,GLOVES-M,3
2026-09-14,GLOVES-M,3
2026-09-21,GLOVES-M,0
2026-09-28,GLOVES-M,2
2026-10-05,GLOVES-M,7
2026-10-12,GLOVES-M,3
2025-11-03,DISINF-WIPES,8
2025-11-10,DISINF-WIPES,1
2025-11-17,DISINF-WIPES,5
2025-11-24,DISINF-WIPES,0
2025-12-01,DISINF-WIPES,8
2025-12-08,DISINF-WIPES,4
2025-12-15,DISINF-WIPES,4
2025-12-22,DISINF-WIPES,2
2025-12-29,DISINF-WIPES,0
2026-01-05,DISINF-WIPES,3
2026-01-12,DISINF-WIPES,9
2026-01-19,DISINF-WIPES,4
2026-01-26,DISINF-WIPES,0
2026-02-02,DISINF-WIPES,4
2026-02-09,DISINF-WIPES,2
2026-02-16,DISINF-WIPES,9
2026-02-23,DISINF-WIPES,4
2026-03-02,DISINF-WIPES,5
2026-03-09,DISINF-WIPES,3
2026-03-16,DISINF-WIPES,4
2026-03-23,DISINF-WIPES,2
2026-03-30,DISINF-WIPES,3
2026-04-06,DISINF-WIPES,7
2026-04-13,DISINF-WIPES,7
2026-04-20,DISINF-WIPES,3
2026-04-27,DISINF-WIPES,3
2026-05-04,DISINF-WIPES,3
2026-05-11,DISINF-WIPES,4
2026-05-18,DISINF-WIPES,4
2026-05-25,DISINF-WIPES,3
2026-06-01,DISINF-WIPES,4
2026-06-08,DISINF-WIPES,5
2026-06-15,DISINF-WIPES,4
2026-06-22,DISINF-WIPES,3
2026-06-29,DISINF-WIPES,5
2026-07-06,DISINF-WIPES,1
2026-07-13,DISINF-WIPES,5
2026-07-20,DISINF-WIPES,5
2026-07-27,DISINF-WIPES,2
2026-08-03,DISINF-WIPES,5
2026-08-10,DISINF-WIPES,4
2026-08-17,DISINF-WIPES,4
2026-08-24,DISINF-WIPES,14
2026-08-31,DISINF-WIPES,6
2026-09-07,DISINF-WIPES,10
2026-09-14,DISINF-WIPES,12
2026-09-21,DISINF-WIPES,3
2026-09-28,DISINF-WIPES,4
2026-10-05,DISINF-WIPES,4
2026-10-12,DISINF-WIPES,8
2025-11-03,HAND-SAN,3
2025-11-10,HAND-SAN,4
2025-11-17,HAND-SAN,2
2025-11-24,HAND-SAN,2
2025-12-01,HAND-SAN,3
2025-12-08,HAND-SAN,3
2025-12-15,HAND-SAN,4
2025-12-22,HAND-SAN,1
2025-12-29,HAND-SAN,3
2026-01-05,HAND-SAN,3
2026-01-12,HAND-SAN,4
2026-01-19,HAND-SAN,3
2026-01-26,HAND-SAN,6
2026-02-02,HAND-SAN,5
2026-02-09,HAND-SAN,5
2026-02-16,HAND-SAN,4
2026-02-23,HAND-SAN,5
2026-03-02,HAND-SAN,3
2026-03-09,HAND-SAN,2
2026-03-16,HAND-SAN,0
2026-03-23,HAND-SAN,1
2026-03-30,HAND-SAN,5
2026-04-06,HAND-SAN,0
2026-04-13,HAND-SAN,1
2026-04-20,HAND-SAN,5
2026-04-27,HAND-SAN,5
2026-05-04,HAND-SAN,3
2026-05-11,HAND-SAN,3
2026-05-18,HAND-SAN,6
2026-05-25,HAND-SAN,2
2026-06-01,HAND-SAN,1
2026-06-08,HAND-SAN,9
2026-06-15,HAND-SAN,2
2026-06-22,HAND-SAN,2
2026-06-29,HAND-SAN,6
2026-07-06,HAND-SAN,1
2026-07-13,HAND-SAN,4
2026-07-20,HAND-SAN,0
2026-07-27,HAND-SAN,2
2026-08-03,HAND-SAN,3
2026-08-10,HAND-SAN,0
2026-08-17,HAND-SAN,2
2026-08-24,HAND-SAN,2
2026-08-31,HAND-SAN,1
2026-09-07,HAND-SAN,3
2026-09-14,HAND-SAN,3
2026-09-21,HAND-SAN,4
2026-09-28,HAND-SAN,4
2026-10-05,HAND-SAN,1
2026-10-12,HAND-SAN,7
2025-11-03,PAPER-TOWELS,8
2025-11-10,PAPER-TOWELS,13
2025-11-17,PAPER-TOWELS,9
2025-11-24,PAPER-TOWELS,9
2025-12-01,PAPER-TOWELS,17
2025-12-08,PAPER-TOWELS,4
2025-12-15,PAPER-TOWELS,18
2025-12-22,PAPER-TOWELS,5
2025-12-29,PAPER-TOWELS,0
2026-01-05,PAPER-TOWELS,10
2026-01-12,PAPER-TOWELS,9
2026-01-19,PAPER-TOWELS,12
2026-01-26,PAPER-TOWELS,12
2026-02-02,PAPER-TOWELS,6
2026-02-09,PAPER-TOWELS,7
2026-02-16,PAPER-TOWELS,13
2026-02-23,PAPER-TOWELS,2
2026-03-02,PAPER-TOWELS,8
2026-03-09,PAPER-TOWELS,14
2026-03-16,PAPER-TOWELS,6
2026-03-23,PAPER-TOWELS,13
2026-03-30,PAPER-TOWELS,7
2026-04-06,PAPER-TOWELS,5
2026-04-13,PAPER-TOWELS,6
2026-04-20,PAPER-TOWELS,9
2026-04-27,PAPER-TOWELS,13
2026-05-04,PAPER-TOWELS,11
2026-05-11,PAPER-TOWELS,8
2026-05-18,PAPER-TOWELS,11
2026-05-25,PAPER-TOWELS,0
2026-06-01,PAPER-TOWELS,11
2026-06-08,PAPER-TOWELS,8
2026-06-15,PAPER-TOWELS,15
2026-06-22,PAPER-TOWELS,10
2026-06-29,PAPER-TOWELS,18
2026-07-06,PAPER-TOWELS,13
2026-07-13,PAPER-TOWELS,9
2026-07-20,PAPER-TOWELS,11
2026-07-27,PAPER-TOWELS,8
2026-08-03,PAPER-TOWELS,8
2026-08-10,PAPER-TOWELS,6
2026-08-17,PAPER-TOWELS,8
2026-08-24,PAPER-TOWELS,14
2026-08-31,PAPER-TOWELS,17
2026-09-07,PAPER-TOWELS,12
2026-09-14,PAPER-TOWELS,18
2026-09-21,PAPER-TOWELS,11
2026-09-28,PAPER-TOWELS,9
2026-10-05,PAPER-TOWELS,13
2026-10-12,PAPER-TOWELS,18
2025-11-03,ELECTRODES,9
2025-11-10,ELECTRODES,6
2025-11-17,ELECTRODES,5
2025-11-24,ELECTRODES,2
2025-12-01,ELECTRODES,6
2025-12-08,ELECTRODES,8
2025-12-15,ELECTRODES,8
2025-12-22,ELECTRODES,4
2025-12-29,ELECTRODES,1
2026-01-05,ELECTRODES,5
2026-01-12,ELECTRODES,4
2026-01-19,ELECTRODES,8
2026-01-26,ELECTRODES,7
2026-02-02,ELECTRODES,5
2026-02-09,ELECTRODES,3
2026-02-16,ELECTRODES,5
2026-02-23,ELECTRODES,10
2026-03-02,ELECTRODES,14
2026-03-09,ELECTRODES,1
2026-03-16,ELECTRODES,2
2026-03-23,ELECTRODES,5
2026-03-30,ELECTRODES,6
2026-04-06,ELECTRODES,3
2026-04-13,ELECTRODES,6
2026-04-20,ELECTRODES,4
2026-04-27,ELECTRODES,0
2026-05-04,ELECTRODES,4
2026-05-11,ELECTRODES,5
2026-05-18,ELECTRODES,4
2026-05-25,ELECTRODES,2
2026-06-01,ELECTRODES,6
2026-06-08,ELECTRODES,0
2026-06-15,ELECTRODES,10
2026-06-22,ELECTRODES,8
2026-06-29,ELECTRODES,1
2026-07-06,ELECTRODES,2
2026-07-13,ELECTRODES,4
2026-07-20,ELECTRODES,4
2026-07-27,ELECTRODES,1
2026-08-03,ELECTRODES,0
2026-08-10,ELECTRODES,3
2026-08-17,ELECTRODES,3
2026-08-24,ELECTRODES,2
2026-08-31,ELECTRODES,5
2026-09-07,ELECTRODES,4
2026-09-14,ELECTRODES,5
2026-09-21,ELECTRODES,13
2026-09-28,ELECTRODES,9
2026-10-05,ELECTRODES,4
2026-10-12,ELECTRODES,7
