item_id,item,count_unit,count_unit_plural,unit_contents,pack_size,pack_label,pack_label_plural,supplier_id,lead_time_working_days,safety_stock,forecast_method,has_expiry
KT-TAPE,Kinesiology tape 5 cm x 5 m,roll,rolls,5 m,6,box of 6 rolls,boxes of 6 rolls,SUP-A,1,3,bookings,no
RIGID-TAPE,Rigid sports tape 3.8 cm,roll,rolls,10 m,12,box of 12 rolls,boxes of 12 rolls,SUP-A,1,4,bookings,no
LOTION,Massage lotion 1 l,bottle,bottles,1 l,1,bottle,bottles,SUP-A,1,1,bookings,no
COLD-PACK,Instant cold pack,cold pack,cold packs,single use,24,box of 24 cold packs,boxes of 24 cold packs,SUP-A,1,6,bookings,yes
US-GEL,Ultrasound gel 250 ml,bottle,bottles,250 ml,12,case of 12 bottles,cases of 12 bottles,SUP-B,2,3,bookings,yes
COUCH-ROLL,Couch roll 50 m,roll,rolls,50 m,9,pack of 9 rolls,packs of 9 rolls,SUP-B,2,4,bookings,no
GLOVES-M,"Nitrile gloves, size M",box,boxes,100 gloves,10,carton of 10 boxes,cartons of 10 boxes,SUP-B,2,3,bookings,no
DISINF-WIPES,Surface disinfectant wipes,tub,tubs,100 wipes,6,case of 6 tubs,cases of 6 tubs,SUP-B,2,2,average,yes
HAND-SAN,Hand sanitiser 500 ml,bottle,bottles,500 ml,10,case of 10 bottles,cases of 10 bottles,SUP-B,2,2,average,no
PAPER-TOWELS,Paper hand towels,bundle,bundles,250 towels,20,carton of 20 bundles,cartons of 20 bundles,SUP-B,2,4,average,no
ELECTRODES,Electrode pads 5 x 5 cm,bag,bags,4 pads,5,box of 5 bags,boxes of 5 bags,SUP-C,3,2,bookings,no
