rule_id,permit_types,nationalities,except_nationalities,doc_code,document,provided_by,why_plain_english
R01,*,*,,PASSPORT,Passport (valid for the whole planned stay) and a copy of all used pages,client,The office checks who you are and that your passport stays valid.
R02,*,*,,PHOTO,One recent biometric passport photo (35 x 45 mm),client,It goes on your residence card.
R03,*,*,,APPLICATION_FORM,Residence permit application form (signed),client,This is the actual application. We pre-fill it and you only sign.
R04,*,*,,ADDRESS_REGISTRATION,Proof that you registered your Hamburg address,client,Everyone who moves into a flat in Germany registers the address. The confirmation is usually asked for.
R05,*,*,,HOUSING,Rental contract and the landlord's move-in confirmation,client,Shows where you live. The landlord's confirmation is also needed for the address registration.
R06,*,*,,HEALTH_INSURANCE,Proof of health insurance,client,Health insurance is required for everyone living in Germany.
R07,*,*,US|Japanese,ENTRY_VISA,Copy of the entry visa you travelled on,client,"Shows how you entered. (In this illustrative rule set, US and Japanese nationals apply after arriving, so they skip this.)"
R08,*,Brazilian|Iranian|Japanese,,TRANSLATIONS,Certified translations of documents that are not in German or English,client,Offices usually only read German or English. A certified translator can help.
R09,EU Blue Card|§18b skilled worker|ICT card,*,,EMPLOYMENT_CONTRACT,Signed employment contract or binding job offer,client,Shows the job you are coming for.
R10,EU Blue Card|§18b skilled worker,*,,EMPLOYER_DECLARATION,Employer's declaration about the job (salary and hours),employer,A standard form your employer fills in. We ask HR for it directly.
R11,EU Blue Card|§18b skilled worker,*,,DEGREE,University degree certificate and transcript,client,Shows your qualification.
R12,EU Blue Card|§18b skilled worker,*,,DEGREE_RECOGNITION,Recognition or comparability statement for your degree,client,"Shows that your degree is comparable to a German one, if it isn't already listed as recognised."
R13,ICT card,*,,ASSIGNMENT_LETTER,Assignment letter from your company (role and duration of the transfer),employer,Explains the transfer within the company. We ask HR for it directly.
R14,ICT card,*,,PRIOR_EMPLOYMENT,Proof that you have worked for the company group for some time before the transfer,employer,Intra-company transfers are for people already with the company. We ask HR for it directly.
R15,ICT card,*,,QUALIFICATION,CV and proof of your qualification as a manager or specialist,client,Shows you fit the role you are being sent for.
R16,Family reunion,*,,MARRIAGE_CERTIFICATE,Marriage certificate (with apostille or legalisation if needed),client,Shows the family relationship.
R17,Family reunion,*,,PARTNER_PERMIT,Copy of your partner's residence permit or passport,client,Shows your partner's right to live in Germany.
R18,Family reunion,*,,LIVING_SPACE,Proof that the flat is big enough for the family,client,The office checks there is enough living space for everyone.
R19,Family reunion,*,US|Japanese,GERMAN_A1,Basic German certificate (level A1),client,"Often asked for when joining a partner. (In this illustrative rule set, some nationalities, including US and Japanese, skip it.)"
R20,Student,*,,ADMISSION_LETTER,University admission letter,client,Shows the study place.
R21,Student,*,,PROOF_OF_FUNDS,Proof of funds (for example a blocked-account confirmation),client,Shows you can cover living costs while studying.
R22,Student,*,,LANGUAGE_PROOF,Proof of language skills for your course (German or English),client,The university and the office check you can follow the course.
