case_id,doc_code,received_at,received_via
C-001,PASSPORT,2026-09-22 10:05,upload
C-001,PHOTO,2026-09-22 10:05,upload
C-001,ENTRY_VISA,2026-09-22 10:07,upload
C-001,EMPLOYMENT_CONTRACT,2026-09-23 14:30,upload
C-001,APPLICATION_FORM,2026-09-24 11:12,upload
C-001,DEGREE,2026-09-25 16:40,upload
C-001,HEALTH_INSURANCE,2026-10-07 09:58,email
C-001,DEGREE_RECOGNITION,2026-10-14 13:20,upload
C-002,PASSPORT,2026-09-25 12:00,upload
C-002,EMPLOYMENT_CONTRACT,2026-09-26 09:15,email
C-002,PHOTO,2026-09-29 18:02,upload
C-002,APPLICATION_FORM,2026-09-29 18:05,upload
C-002,ASSIGNMENT_LETTER,2026-09-30 10:30,email from HR
C-002,QUALIFICATION,2026-10-01 08:44,upload
C-002,ADDRESS_REGISTRATION,2026-10-08 15:10,upload
C-003,PASSPORT,2026-10-02 11:00,upload
C-003,PHOTO,2026-10-02 11:00,upload
C-003,ENTRY_VISA,2026-10-02 11:02,upload
C-003,EMPLOYMENT_CONTRACT,2026-10-05 10:20,upload
C-003,DEGREE,2026-10-06 19:45,upload
C-003,EMPLOYER_DECLARATION,2026-10-07 12:00,email from HR
C-003,APPLICATION_FORM,2026-10-12 08:10,upload
C-003,ADDRESS_REGISTRATION,2026-10-13 17:30,upload
C-003,TRANSLATIONS,2026-10-15 09:05,upload
C-004,PASSPORT,2026-10-12 09:30,upload
C-004,PHOTO,2026-10-12 09:31,upload
C-004,ENTRY_VISA,2026-10-13 10:00,upload
C-004,EMPLOYMENT_CONTRACT,2026-10-13 10:02,upload
