Record ID,Company name,Company Domain Name,City,Country/Region,Create Date
18402344378,Silbermöwe Sicherheitsdienst GmbH,silbermoewe-sicherheit.example,Hamburg,Germany,2025-06-13 06:10
18402975452,Waltershof Hotels GmbH,waltershof-hotels.example,Hamburg,Germany,2025-06-16 12:15
18403729186,Lotsenhaus Event GmbH,lotsenhaus-event.example,Berlin,Germany,2025-07-04 06:35
18403821813,Rönneburg Spedition UG,roenneburg-spedition.example,Kiel,Germany,2025-07-07 07:05
18404549129,Heidekraut Reinigung GmbH,heidekraut-reinigung.example,Hannover,Germany,2025-07-20 10:35
18405222090,Waltershof Bau GmbH,waltershof-bau.example,Hamburg,Germany,2025-07-21 02:20
18405257272,Hammerbrook Bau SE,hammerbrook-bau.example,Lüneburg,Germany,2025-07-23 06:00
18405384067,Altona Sicherheitsdienst GmbH & Co. KG,altona-sicherheit.example,Hamburg,Germany,2025-07-25 03:30
18405573340,Cranz Kliniken AG,cranz-kliniken.example,Oldenburg,Germany,2025-08-02 09:35
18405891722,Sturmflut Event SE,sturmflut-event.example,Lüneburg,Germany,2025-08-03 07:10
18406644636,Kompass Pflege AG,kompass-pflege.example,Hamburg,Germany,2025-08-04 04:35
18406978698,Tidenhub Event GmbH,tidenhub-event.example,Rostock,Germany,2025-08-06 07:15
18407144378,Bernstein Handel AG,bernstein-handel.example,Oldenburg,Germany,2025-08-06 11:00
18407789338,Reitbrook Reinigung UG,reitbrook-reinigung.example,Lübeck,Germany,2025-08-17 05:45
18407972605,Wandsbek Bau GmbH,wandsbek-bau.example,Hannover,Germany,2025-08-22 09:10
18408498737,Finkenwerder Pflege GmbH,finkenwerder-pflege.example,Bremen,Germany,2025-08-22 11:20
18409083636,Eichenwald Kliniken AG,eichenwald-kliniken.example,Rostock,Germany,2025-08-29 12:30
18409742501,Tatenberg Hotels gGmbH,tatenberg-hotels.example,Hannover,Germany,2025-09-01 14:25
18410038037,Marmstorf Sicherheitsdienst GmbH,marmstorf-sicherheit.example,Hannover,Germany,2025-09-06 07:45
18410935200,Wilhelmsburg Handel GmbH,wilhelmsburg-handel.example,Hannover,Germany,2025-09-06 11:15
18411036491,Eichenwald Spedition SE,eichenwald-spedition.example,Bremen,Germany,2025-09-10 13:05
18411656345,Kaiserkai Pflege SE,kaiserkai-pflege.example,Rostock,Germany,2025-09-11 10:55
18411688728,Francop Reinigung GmbH,francop-reinigung.example,Berlin,Germany,2025-09-16 08:40
18411958396,Hausbruch Reinigung SE,hausbruch-reinigung.example,Berlin,Germany,2025-09-17 10:50
18412222574,Blauwal Handel GmbH & Co. KG,blauwal-handel.example,Hamburg,Germany,2025-09-17 15:50
18412380265,Eißendorf Kliniken GmbH,eissendorf-kliniken.example,Hamburg,Germany,2025-09-22 09:00
18412598735,Fleetwerk Spedition GmbH,fleetwerk-spedition.example,Berlin,Germany,2025-09-24 04:55
18413225458,Kaiserkai Spedition GmbH & Co. KG,kaiserkai-spedition.example,Rostock,Germany,2025-09-25 11:15
18413645766,Harburg Reinigung GmbH,harburg-reinigung.example,Flensburg,Germany,2025-09-26 09:25
18413849147,Ochsenwerder Bau AG,ochsenwerder-bau.example,Hamburg,Germany,2025-10-01 13:00
18413895211,Eißendorf Facility Services AG,eissendorf-facility.example,Lüneburg,Germany,2025-10-03 06:25
18414654725,Eppendorf Sicherheitsdienst GmbH,eppendorf-sicherheit.example,Lüneburg,Germany,2025-10-06 09:05
18415517500,Allermöhe Handel UG,allermoehe-handel.example,Rostock,Germany,2025-10-08 10:15
18416262677,Alsterblick Handel GmbH,alsterblick-handel.example,Lübeck,Germany,2025-10-09 12:55
18416744102,Curslack Kliniken gGmbH,curslack-kliniken.example,Lübeck,Germany,2025-10-11 06:00
18417408999,Heidekraut Logistik UG,heidekraut-logistik.example,Kiel,Germany,2025-10-11 09:15
18418211002,Leuchtturm Spedition GmbH & Co. KG,leuchtturm-spedition.example,Berlin,Germany,2025-10-15 09:00
18419051292,Gut Moor Hotels UG,gut-moor-hotels.example,Hamburg,Germany,2025-10-20 08:50
18419573746,Möwenweg Hotels GmbH,moewenweg-hotels.example,Hannover,Germany,2025-10-21 12:25
18420196782,Ankerplatz Reinigung AG,ankerplatz-reinigung.example,Berlin,Germany,2025-10-22 06:35
18420347607,Strandgut Spedition GmbH,strandgut-spedition.example,Hamburg,Germany,2025-10-23 12:30
18421106297,Altona Hotels GmbH,altona-hotels.example,Hamburg,Germany,2025-10-23 14:30
18421734175,Wandsbek Spedition SE,wandsbek-spedition.example,Hamburg,Germany,2025-10-24 11:10
18422603090,Barmbek Handel GmbH,barmbek-handel.example,Kiel,Germany,2025-10-25 06:20
18422935130,Wilhelmsburg Kliniken GmbH & Co. KG,wilhelmsburg-kliniken.example,Rostock,Germany,2025-10-25 12:55
18423620619,Ottensen Hotels GmbH,ottensen-hotels.example,Lübeck,Germany,2025-10-28 07:50
18423634900,Hafenkante Handel SE,hafenkante-handel.example,Hannover,Germany,2025-10-28 11:05
18424138831,Speicherstadt Kliniken GmbH & Co. KG,speicherstadt-kliniken.example,Bremen,Germany,2025-10-29 04:15
18424786327,Bernstein Bau SE,bernstein-bau.example,Kiel,Germany,2025-10-30 12:20
18425517606,Grünspan Sicherheitsdienst GmbH,gruenspan-sicherheit.example,Kiel,Germany,2025-11-01 04:20
18425629952,Neuland Event GmbH,neuland-event.example,Berlin,Germany,2025-11-02 06:05
18425968017,Ottensen Pflege GmbH,ottensen-pflege.example,Flensburg,Germany,2025-11-05 05:15
18426135583,Elbufer Handel GmbH,elbufer-handel.example,Bremen,Germany,2025-11-10 03:50
18426563815,Curslack Sicherheitsdienst GmbH,curslack-sicherheit.example,Kiel,Germany,2025-11-12 07:40
18426907671,Steinwerder Reinigung GmbH,steinwerder-reinigung.example,Rostock,Germany,2025-11-14 03:05
18427706995,Allermöhe Hotels SE,allermoehe-hotels.example,Hamburg,Germany,2025-11-16 08:45
18427898710,Rotklinker Facility Services GmbH & Co. KG,rotklinker-facility.example,Rostock,Germany,2025-11-21 12:20
18428179128,Seemeile Pflege SE,seemeile-pflege.example,Rostock,Germany,2025-11-21 12:40
18428833762,Brückenbau Handel GmbH,brueckenbau-handel.example,Oldenburg,Germany,2025-11-21 12:55
18429401380,Allermöhe Bau GmbH,allermoehe-bau.example,Flensburg,Germany,2025-11-23 04:55
18429656121,Kranich Kliniken SE,kranich-kliniken.example,Lüneburg,Germany,2025-11-25 00:10
18429906920,Silbermöwe Facility Services GmbH & Co. KG,silbermoewe-facility.example,Lüneburg,Germany,2025-11-27 12:45
18429942973,Elbufer Facility Services AG,elbufer-facility.example,Hamburg,Germany,2025-11-29 02:00
18430821092,Fischbek Handel SE,fischbek-handel.example,Berlin,Germany,2025-11-30 10:15
18431470145,Sinstorf Event gGmbH,sinstorf-event.example,Berlin,Germany,2025-12-02 10:50
18431522961,Kirchdorf Handel GmbH & Co. KG,kirchdorf-handel.example,Hamburg,Germany,2025-12-04 02:35
18432379727,Wattenmeer Sicherheitsdienst SE,wattenmeer-sicherheit.example,Flensburg,Germany,2025-12-05 09:30
18432653792,Neuland Sicherheitsdienst SE,neuland-sicherheit.example,Flensburg,Germany,2025-12-14 15:45
18432971319,Sandtor Facility Services UG,sandtor-facility.example,Hamburg,Germany,2025-12-16 08:55
18433798033,Lotsenhaus Facility Services GmbH,lotsenhaus-facility.example,Rostock,Germany,2025-12-19 05:10
18434302142,Möwenweg Pflege GmbH & Co. KG,moewenweg-pflege.example,Lüneburg,Germany,2025-12-21 14:00
18434792270,Eißendorf Bau GmbH,eissendorf-bau.example,Berlin,Germany,2025-12-21 14:05
18435314312,Altona Handel GmbH,altona-handel.example,Lübeck,Germany,2025-12-21 15:15
18435817880,Moorfleet Spedition GmbH,moorfleet-spedition.example,Berlin,Germany,2025-12-24 17:50
18436620719,Bernstein Logistik GmbH,bernstein-logistik.example,Berlin,Germany,2025-12-25 11:15
18437232166,Lindenhof Handel SE,lindenhof-handel.example,Flensburg,Germany,2025-12-27 11:15
18438107906,Eichenwald Facility Services AG,eichenwald-facility.example,Bremen,Germany,2025-12-30 05:45
18438293455,Kirchdorf Hotels GmbH,kirchdorf-hotels.example,Hamburg,Germany,2026-01-01 05:15
18438900839,Fischbek Gastro UG,fischbek-gastro.example,Hamburg,Germany,2026-01-03 10:15
18439371475,Sandtor Event GmbH,sandtor-event.example,Bremen,Germany,2026-01-06 01:05
18440117622,Silbermöwe Spedition GmbH,silbermoewe-spedition.example,Flensburg,Germany,2026-01-08 09:15
18440121190,Steinwerder Pflege GmbH,steinwerder-pflege.example,Hamburg,Germany,2026-01-11 04:15
18440306954,Marmstorf Event UG,marmstorf-event.example,Kiel,Germany,2026-01-12 11:10
18441016953,Heimfeld Logistik UG,heimfeld-logistik.example,Hannover,Germany,2026-01-13 06:40
18441421806,Möwenweg Event GmbH,moewenweg-event.example,Hamburg,Germany,2026-01-18 14:30
18441542280,Westwall Event GmbH,westwall-event.example,Hannover,Germany,2026-01-18 17:00
18441608169,Sturmflut Bau GmbH & Co. KG,sturmflut-bau.example,Berlin,Germany,2026-01-19 14:05
18442491952,Leuchtturm Handel GmbH,leuchtturm-handel.example,Kiel,Germany,2026-01-19 14:20
18442703712,Francop Sicherheitsdienst GmbH,francop-sicherheit.example,Oldenburg,Germany,2026-01-20 10:55
18443060887,Hausbruch Bau GmbH,hausbruch-bau.example,Flensburg,Germany,2026-01-22 07:25
18443910709,Finkenwerder Bau GmbH,finkenwerder-bau.example,Lübeck,Germany,2026-01-22 12:55
18444553468,Ottensen Reinigung GmbH,ottensen-reinigung.example,Oldenburg,Germany,2026-01-25 12:00
18444739923,Bergedorf Reinigung UG,bergedorf-reinigung.example,Lüneburg,Germany,2026-01-26 09:50
18444969284,Ostwind Kliniken GmbH,ostwind-kliniken.example,Bremen,Germany,2026-01-26 14:40
18445544088,Ankerplatz Bau GmbH & Co. KG,ankerplatz-bau.example,Hamburg,Germany,2026-01-28 04:45
18445809530,Leuchtturm Pflege AG,leuchtturm-pflege.example,Hannover,Germany,2026-01-28 11:30
18446299422,Deichgraf Spedition AG,deichgraf-spedition.example,Lüneburg,Germany,2026-01-28 11:55
18446980028,Wattenmeer Handel SE,wattenmeer-handel.example,Berlin,Germany,2026-01-31 02:55
18447523052,Moorfleet Hotels GmbH,moorfleet-hotels.example,Oldenburg,Germany,2026-01-31 16:20
18447633851,Rothenburg Hotels UG,rothenburg-hotels.example,Flensburg,Germany,2026-02-02 11:50
18448223598,Ochsenwerder Gastro GmbH,ochsenwerder-gastro.example,Lübeck,Germany,2026-02-03 11:40
18448360381,Reitbrook Bau UG,reitbrook-bau.example,Lüneburg,Germany,2026-02-04 14:35
18448518152,Moorfleet Kliniken UG,moorfleet-kliniken.example,Lüneburg,Germany,2026-02-06 09:50
18448582764,Francop Logistik GmbH,francop-logistik.example,Flensburg,Germany,2026-02-07 11:15
18449362861,Ostwind Facility Services GmbH,ostwind-facility.example,Bremen,Germany,2026-02-08 09:20
18449387522,Rönneburg Hotels GmbH & Co. KG,roenneburg-hotels.example,Flensburg,Germany,2026-02-08 16:40
18449981673,Ebbe Spedition GmbH & Co. KG,ebbe-spedition.example,Lüneburg,Germany,2026-02-09 05:40
18450107341,Heidekraut Sicherheitsdienst AG,heidekraut-sicherheit.example,Flensburg,Germany,2026-02-09 13:05
18450110859,Hammerbrook Gastro GmbH,hammerbrook-gastro.example,Lübeck,Germany,2026-02-10 09:40
18450860543,Barmbek Bau GmbH,barmbek-bau.example,Kiel,Germany,2026-02-10 12:40
18451106386,Hausbruch Event SE,hausbruch-event.example,Oldenburg,Germany,2026-02-12 09:25
18451967338,Billwerder Facility Services gGmbH,billwerder-facility.example,Kiel,Germany,2026-02-12 14:40
18452188530,Tatenberg Pflege AG,tatenberg-pflege.example,Oldenburg,Germany,2026-02-13 06:30
18452563902,Gut Moor Facility Services GmbH,gut-moor-facility.example,Rostock,Germany,2026-02-13 08:15
18452960526,Ebbe Gastro GmbH & Co. KG,ebbe-gastro.example,Flensburg,Germany,2026-02-13 12:50
18453718946,Winterhude Kliniken GmbH,winterhude-kliniken.example,Oldenburg,Germany,2026-02-14 11:15
18454268480,Moorburg Sicherheitsdienst GmbH,moorburg-sicherheit.example,Rostock,Germany,2026-02-15 11:25
18454304261,Rothenburg Facility Services GmbH,rothenburg-facility.example,Hannover,Germany,2026-02-17 03:15
18454325630,Bernstein Event GmbH,bernstein-event.example,Hannover,Germany,2026-02-17 05:25
18454552135,Waltershof Pflege GmbH,waltershof-pflege.example,Lübeck,Germany,2026-02-18 15:25
18455256342,Heimfeld Bau GmbH,heimfeld-bau.example,Hamburg,Germany,2026-02-19 05:05
18456089568,Neuland Kliniken AG,neuland-kliniken.example,Rostock,Germany,2026-02-19 06:10
18456715033,Brückenbau Logistik GmbH,brueckenbau-logistik.example,Bremen,Germany,2026-02-20 06:15
18456928012,Wandsbek Gastro GmbH,wandsbek-gastro.example,Berlin,Germany,2026-02-20 07:20
18457051454,Speicherstadt Hotels SE,speicherstadt-hotels.example,Flensburg,Germany,2026-02-21 06:50
18457158833,Blauwal Reinigung GmbH,blauwal-reinigung.example,Bremen,Germany,2026-02-21 08:30
18457412111,Rothenburg Bau GmbH & Co. KG,rothenburg-bau.example,Lübeck,Germany,2026-02-21 09:10
18457682382,Leuchtturm Kliniken GmbH & Co. KG,leuchtturm-kliniken.example,Rostock,Germany,2026-02-22 16:10
18458155059,Lotsenhaus Bau UG,lotsenhaus-bau.example,Rostock,Germany,2026-02-25 10:10
18458666485,Nordlicht Event SE,nordlicht-event.example,Lüneburg,Germany,2026-02-25 15:15
18459364129,Uhlenhorst Bau GmbH,uhlenhorst-bau.example,Lübeck,Germany,2026-02-26 09:20
18459924664,Veddel Handel GmbH & Co. KG,veddel-handel.example,Bremen,Germany,2026-02-27 05:05
18460249586,Uhlenhorst Event gGmbH,uhlenhorst-event.example,Kiel,Germany,2026-03-01 05:00
18460427110,Birkenhain Pflege GmbH,birkenhain-pflege.example,Oldenburg,Germany,2026-03-05 06:50
18460513632,Tidenhub Kliniken GmbH,tidenhub-kliniken.example,Rostock,Germany,2026-03-06 03:50
18460877443,Sinstorf Reinigung gGmbH,sinstorf-reinigung.example,Berlin,Germany,2026-03-08 05:40
18461420779,Neugraben Gastro GmbH,neugraben-gastro.example,Hannover,Germany,2026-03-08 13:35
18461476604,Elbufer Kliniken gGmbH,elbufer-kliniken.example,Rostock,Germany,2026-03-09 07:20
18461870323,Cranz Facility Services AG,cranz-facility.example,Lübeck,Germany,2026-03-09 11:55
18462749962,Seemeile Sicherheitsdienst AG,seemeile-sicherheit.example,Bremen,Germany,2026-03-10 10:20
18462904397,Speicherstadt Gastro GmbH & Co. KG,speicherstadt-gastro.example,Rostock,Germany,2026-03-11 03:45
18463250342,Rotklinker Gastro GmbH,rotklinker-gastro.example,Lübeck,Germany,2026-03-11 03:55
18463262257,Neugraben Facility Services UG,neugraben-facility.example,Flensburg,Germany,2026-03-12 04:05
18463799491,Lotsenhaus Kliniken SE,lotsenhaus-kliniken.example,Lübeck,Germany,2026-03-13 08:20
18464451096,Ochsenwerder Kliniken SE,ochsenwerder-kliniken.example,Oldenburg,Germany,2026-03-15 05:35
18464500351,Tatenberg Reinigung AG,tatenberg-reinigung.example,Berlin,Germany,2026-03-15 09:35
18465010531,Hammerbrook Kliniken SE,hammerbrook-kliniken.example,Kiel,Germany,2026-03-16 06:55
18465576458,Billwerder Pflege GmbH,billwerder-pflege.example,Rostock,Germany,2026-03-17 09:15
18465655295,Wilhelmsburg Reinigung GmbH,wilhelmsburg-reinigung.example,Oldenburg,Germany,2026-03-18 05:50
18465768205,Sandtor Hotels SE,sandtor-hotels.example,Hamburg,Germany,2026-03-18 06:05
18465915298,Hafenkante Pflege GmbH,hafenkante-pflege.example,Flensburg,Germany,2026-03-19 07:35
18466185663,Spadenland Reinigung UG,spadenland-reinigung.example,Hamburg,Germany,2026-03-20 09:35
18466538054,Veddel Spedition GmbH & Co. KG,veddel-spedition.example,Oldenburg,Germany,2026-03-21 08:40
18467281387,Alsterblick Pflege SE,alsterblick-pflege.example,Flensburg,Germany,2026-03-22 07:50
18467719288,Cranz Gastro GmbH,cranz-gastro.example,Hannover,Germany,2026-03-22 10:15
18468110588,Birkenhain Reinigung GmbH,birkenhain-reinigung.example,Rostock,Germany,2026-03-23 04:25
18468672180,Neuenfelde Spedition GmbH & Co. KG,neuenfelde-spedition.example,Lüneburg,Germany,2026-03-23 12:20
18469466986,Eißendorf Sicherheitsdienst GmbH,eissendorf-sicherheit.example,Rostock,Germany,2026-03-24 11:20
18469864567,Moorburg Kliniken UG,moorburg-kliniken.example,Bremen,Germany,2026-03-25 16:45
18470591053,Spadenland Gastro GmbH,spadenland-gastro.example,Bremen,Germany,2026-03-26 09:40
18471439891,Rönneburg Kliniken AG,roenneburg-kliniken.example,Hamburg,Germany,2026-03-28 05:00
18471942131,Fischbek Bau SE,fischbek-bau.example,Berlin,Germany,2026-03-28 12:15
18472681201,Spadenland Kliniken UG,spadenland-kliniken.example,Oldenburg,Germany,2026-04-01 02:35
18473089358,Blauwal Pflege AG,blauwal-pflege.example,Rostock,Germany,2026-04-01 08:05
18473507168,Neuenfelde Gastro AG,neuenfelde-gastro.example,Rostock,Germany,2026-04-01 15:25
18474367765,Moorburg Handel GmbH,moorburg-handel.example,Oldenburg,Germany,2026-04-01 17:15
18474402214,Lindenhof Gastro SE,lindenhof-gastro.example,Oldenburg,Germany,2026-04-04 09:20
18474917877,Grünspan Logistik GmbH & Co. KG,gruenspan-logistik.example,Kiel,Germany,2026-04-05 00:25
18475006739,Grünspan Logistik,gruenspan-logistik-hh.example,Kiel,Germany,2026-04-06 08:31
18475513993,Neugraben Hotels AG,neugraben-hotels.example,Bremen,Germany,2026-04-06 10:40
18475849884,Kompass Spedition GmbH,kompass-spedition.example,Hannover,Germany,2026-04-07 05:30
18476377856,Grünspan Pflege GmbH,gruenspan-pflege.example,Berlin,Germany,2026-04-08 11:50
18476937700,Kompass Handel UG,kompass-handel.example,Bremen,Germany,2026-04-11 07:55
18477673512,Kompass Reinigung AG,kompass-reinigung.example,Bremen,Germany,2026-04-13 10:05
18478251527,Neuenfelde Handel GmbH,neuenfelde-handel.example,Hannover,Germany,2026-04-13 10:30
18478657345,Billwerder Event SE,billwerder-event.example,Flensburg,Germany,2026-04-14 11:00
18478825064,Finkenwerder Logistik AG,finkenwerder-logistik.example,Bremen,Germany,2026-04-18 06:40
18479622514,Elbufer Hotels AG,elbufer-hotels.example,Lüneburg,Germany,2026-04-18 09:10
18479794435,Kaiserkai Kliniken GmbH,kaiserkai-kliniken.example,Berlin,Germany,2026-04-21 05:50
18480327410,Kirchdorf Kliniken gGmbH,kirchdorf-kliniken.example,Hamburg,Germany,2026-04-22 05:40
18480691746,Uhlenhorst Kliniken AG,uhlenhorst-kliniken.example,Lüneburg,Germany,2026-04-24 10:25
18481294070,Westwall Pflege Flensburg,westwall-pflege.example,Flensburg,Germany,2026-04-25 12:37
18481920055,Westwall Pflege AG,westwall-pflege.example,Flensburg,Germany,2026-04-25 14:50
18482806298,Kranich Hotels GmbH,kranich-hotels.example,Lübeck,Germany,2026-04-28 13:55
18482907033,Winterhude Facility Services GmbH,winterhude-facility.example,Kiel,Germany,2026-05-02 07:25
18483650719,Nordlicht Kliniken UG,nordlicht-kliniken.example,Hannover,Germany,2026-05-03 13:00
18484435473,Hafenkante Logistik GmbH,hafenkante-logistik.example,Kiel,Germany,2026-05-04 02:45
18485001543,Seemeile Gastro UG,seemeile-gastro.example,Kiel,Germany,2026-05-04 11:45
18485044337,Curslack Event GmbH & Co. KG,curslack-event.example,Lüneburg,Germany,2026-05-06 10:20
18485358842,Sandtor Spedition GmbH,sandtor-spedition.example,Lübeck,Germany,2026-05-11 09:25
18486147879,Brückenbau Event UG,brueckenbau-event.example,Rostock,Germany,2026-05-13 10:20
18486735605,Ankerplatz Gastro gGmbH,ankerplatz-gastro.example,Oldenburg,Germany,2026-05-19 08:10
18487555779,Blauwal Gastro gGmbH,blauwal-gastro.example,Rostock,Germany,2026-05-20 05:10
18487847640,Rothenburg Sicherheitsdienst UG,rothenburg-sicherheit.example,Lübeck,Germany,2026-05-21 06:35
18488257374,Strandgut Handel gGmbH,strandgut-handel.example,Lüneburg,Germany,2026-05-22 11:00
18488781485,Nordlicht Facility Services GmbH,nordlicht-facility.example,Oldenburg,Germany,2026-05-24 10:55
18489500844,Winterhude Bau GmbH,winterhude-bau.example,Lüneburg,Germany,2026-05-27 08:40
18490069382,Sturmflut Logistik gGmbH,sturmflut-logistik.example,Lüneburg,Germany,2026-05-28 10:25
18490258410,Deichgraf Gastro gGmbH,deichgraf-gastro.example,Oldenburg,Germany,2026-05-30 08:25
18490460301,Rotklinker Event GmbH,rotklinker-event.example,Lübeck,Germany,2026-05-30 11:25
18490526798,Heimfeld Sicherheitsdienst UG,heimfeld-sicherheit.example,Oldenburg,Germany,2026-05-31 12:55
18491281795,Tidenhub Pflege SE,tidenhub-pflege.example,Kiel,Germany,2026-06-03 09:05
18491874172,Fleetwerk Reinigung GmbH & Co. KG,fleetwerk-reinigung.example,Lübeck,Germany,2026-06-03 11:30
18492690345,Francop Log. GmbH,francop-logistik.example,Flensburg,Germany,2026-06-04 09:42
18493158128,Strandgut Reinigung gGmbH,strandgut-reinigung.example,Flensburg,Germany,2026-06-05 03:55
18493941621,Reitbrook Handel GmbH,reitbrook-handel.example,Lübeck,Germany,2026-06-05 10:45
18494592344,Cranz Pflege GmbH & Co. KG,cranz-pflege.example,Bremen,Germany,2026-06-08 14:55
18494799984,Harburg Bau AG,harburg-bau.example,Rostock,Germany,2026-06-09 09:55
18495006601,Fleetwerk Pflege GmbH,fleetwerk-pflege.example,Lübeck,Germany,2026-06-11 04:55
18495721396,Kranich Event SE,kranich-event.example,Rostock,Germany,2026-06-11 14:45
18495870661,Harburg Sicherheitsdienst GmbH,harburg-sicherheit.example,Lüneburg,Germany,2026-06-13 10:45
18496375823,Westwall Facility Services GmbH,westwall-facility.example,Bremen,Germany,2026-06-14 05:30
18496906362,Marmstorf Gastro GmbH & Co. KG,marmstorf-gastro.example,Kiel,Germany,2026-06-14 08:05
18497675441,Heimfeld Kliniken GmbH,heimfeld-kliniken.example,Kiel,Germany,2026-06-14 10:20
18498439801,Francop Spedition GmbH,francop-spedition.example,Lüneburg,Germany,2026-06-14 12:20
18499234659,Bergedorf Logistik GmbH,bergedorf-logistik.example,Flensburg,Germany,2026-06-16 07:00
18499596456,BIRKENHAIN PFLEGE GMBH & CO. KG,birkenhain-pflege.example,Oldenburg,Germany,2026-06-22 01:02
18500245496,Eppendorf Spedition GmbH & Co. KG,eppendorf-spedition.example,Rostock,Germany,2026-06-27 15:45
18500722177,Uhlenhorst Reinigung UG,uhlenhorst-reinigung.example,Berlin,Germany,2026-06-28 13:50
18500838247,Ebbe Event AG,ebbe-event.example,Hamburg,Germany,2026-06-30 11:00
18501621404,Rotklinker Spedition gGmbH,rotklinker-spedition.example,Kiel,Germany,2026-07-02 16:20
18501740958,Ostwind Logistik GmbH,ostwind-logistik.example,Lübeck,Germany,2026-07-03 16:55
18502350649,Kirchdorf Kli. gGmbH,,Hamburg,Germany,2026-07-04 08:55
18502411676,Waltershof Sicherheitsdienst SE,waltershof-sicherheit.example,Hamburg,Germany,2026-07-06 07:55
18503172907,BLAUWAL PFLEGE GMBH & CO. KG,,Rostock,Germany,2026-07-14 11:14
18503373730,Hammerbrook Pflege GmbH,hammerbrook-pflege.example,Lüneburg,Germany,2026-07-15 11:10
18503743832,Spadenland Sicherheitsdienst UG,spadenland-sicherheit.example,Bremen,Germany,2026-07-18 00:30
18503868448,Wattenmeer Kliniken SE,wattenmeer-kliniken.example,Rostock,Germany,2026-07-20 06:20
18504350863,Gut Moor Spedition GmbH,gut-moor-spedition.example,Bremen,Germany,2026-07-20 09:15
18504663742,Gut Moor Bau GmbH,gut-moor-bau.example,Lübeck,Germany,2026-08-01 12:15
18505178234,Lindenhof Event GmbH & Co. KG,lindenhof-event.example,Berlin,Germany,2026-08-04 09:15
18506057993,Barmbek Sicherheitsdienst GmbH & Co. KG,barmbek-sicherheit.example,Kiel,Germany,2026-08-07 03:45
18506245726,Sandtor Spediiton GmbH,sandtor-spedition.example,Lübeck,Germany,2026-08-09 14:08
18506556090,Veddel Logistik GmbH,veddel-logistik.example,Bremen,Germany,2026-08-11 03:50
18507234581,Birkenhain Sicherheitsdienst AG,birkenhain-sicherheit.example,Flensburg,Germany,2026-08-11 06:20
18507571514,Ankerplatz Bau,ankerplatz-bau-hh.example,Hamburg,Germany,2026-08-22 11:46
18507830969,Wilhelmsburg Pflege UG,wilhelmsburg-pflege.example,Oldenburg,Germany,2026-08-23 15:15
18508599390,Gut Moor Spedition,,Bremen,Germany,2026-09-08 13:39
18509145800,Hafenkante Spedition SE,hafenkante-spedition.example,Hamburg,Germany,2026-09-11 09:55
18509488245,Eppendorf Sicherheitsdienst Lüneburg,eppendorf-sicherheit.example,Lüneburg,Germany,2026-09-11 17:40
18510184974,Lotsenhaus Bua UG,lotsenhaus-bau.example,Rostock,Germany,2026-09-19 11:28
18510373595,Uhlenhorst Reinigung,,Berlin,Germany,2026-10-06 05:30
