review_id,order_week,item_id,item,supplier_id,decision,proposed_packs,final_packs,final_units,reviewed_by,reviewed_at,note,processed_at
2026-10-12/KT-TAPE/1,2026-10-12,KT-TAPE,Kinesiology tape 5 cm x 5 m,SUP-A,approve,1,1,6,practice manager,2026-10-09 17:30,,2026-10-09 18:00
2026-10-12/RIGID-TAPE/1,2026-10-12,RIGID-TAPE,Rigid sports tape 3.8 cm,SUP-A,approve,1,1,12,practice manager,2026-10-09 17:30,,2026-10-09 18:00
2026-10-12/LOTION/1,2026-10-12,LOTION,Massage lotion 1 l,SUP-A,approve,3,3,3,practice manager,2026-10-09 17:30,,2026-10-09 18:00
2026-10-12/US-GEL/1,2026-10-12,US-GEL,Ultrasound gel 250 ml,SUP-B,approve,1,1,12,practice manager,2026-10-09 17:30,,2026-10-09 18:00
2026-10-12/COUCH-ROLL/1,2026-10-12,COUCH-ROLL,Couch roll 50 m,SUP-B,approve,1,1,9,practice manager,2026-10-09 17:30,,2026-10-09 18:00
2026-10-12/GLOVES-M/1,2026-10-12,GLOVES-M,"Nitrile gloves, size M",SUP-B,approve,1,1,10,practice manager,2026-10-09 17:30,,2026-10-09 18:00
2026-10-12/DISINF-WIPES/1,2026-10-12,DISINF-WIPES,Surface disinfectant wipes,SUP-B,approve,1,1,6,practice manager,2026-10-09 17:30,,2026-10-09 18:00
2026-10-12/HAND-SAN/1,2026-10-12,HAND-SAN,Hand sanitiser 500 ml,SUP-B,approve,1,1,10,practice manager,2026-10-09 17:30,,2026-10-09 18:00
2026-10-12/PAPER-TOWELS/1,2026-10-12,PAPER-TOWELS,Paper hand towels,SUP-B,approve,1,1,20,practice manager,2026-10-09 17:30,,2026-10-09 18:00
2026-10-12/ELECTRODES/1,2026-10-12,ELECTRODES,Electrode pads 5 x 5 cm,SUP-C,approve,1,1,5,practice manager,2026-10-09 17:30,,2026-10-09 18:00
