item_id,item,supplier,on_hand,forecast_next_week,how_forecast,safety_stock,already_in_cart_packs,still_needed,packs_to_add,pack,units_to_add,unit,arrives_on,decision,delivered_this_week,last_week_packs,flags
KT-TAPE,Kinesiology tape 5 cm x 5 m,Alster Example Praxisbedarf (fictional),4,13,"bookings: 18 Sports physio + taping x 0.5 + 14 Lymph drainage x 0.2 = 11.8, x 1.07 (actual use vs standard rates, last 8 weeks) = 12.63",3,0,12,2,box of 6 rolls,12,roll,2026-10-19,add to cart,6,1,
RIGID-TAPE,Rigid sports tape 3.8 cm,Alster Example Praxisbedarf (fictional),16,11,"bookings: 18 Sports physio + taping x 0.6 = 10.8, x 0.96 (actual use vs standard rates, last 8 weeks) = 10.37",4,0,0,0,box of 12 rolls,0,roll,2026-10-19,enough on the shelf,12,1,
LOTION,Massage lotion 1 l,Alster Example Praxisbedarf (fictional),2,2,"bookings: 10 Massage x 0.12 + 20 Manual therapy x 0.03 = 1.8, x 1.11 (actual use vs standard rates, last 8 weeks) = 2",1,0,1,1,bottle,1,bottle,2026-10-19,add to cart,3,3,
COLD-PACK,Instant cold pack,Alster Example Praxisbedarf (fictional),14,6,"bookings: 18 Sports physio + taping x 0.3 = 5.4, x 0.93 (actual use vs standard rates, last 8 weeks) = 5.02",6,0,0,0,box of 24 cold packs,0,cold pack,2026-10-19,enough on the shelf,0,0,
US-GEL,Ultrasound gel 250 ml,Elbe Example Hygiene (fictional),13,3,"bookings: 5 Ultrasound x 0.25 + 4 Shockwave x 0.4 = 2.85, x 1.01 (actual use vs standard rates, last 8 weeks) = 2.88",3,0,0,0,case of 12 bottles,0,bottle,2026-10-20,enough on the shelf,12,1,Near expiry
COUCH-ROLL,Couch roll 50 m,Elbe Example Hygiene (fictional),7,9,"bookings: 52 Physiotherapy x 0.06 + 20 Manual therapy x 0.06 + 18 Sports physio + taping x 0.06 + 14 Lymph drainage x 0.08 + 10 Massage x 0.08 + 5 Ultrasound x 0.06 + 16 Electrotherapy x 0.06 + 4 Shockwave x 0.06 = 8.82, x 0.96 (actual use vs standard rates, last 8 weeks) = 8.47",4,0,6,1,pack of 9 rolls,9,roll,2026-10-20,add to cart,9,1,
GLOVES-M,"Nitrile gloves, size M",Elbe Example Hygiene (fictional),8,3,"bookings: 52 Physiotherapy x 0.02 + 20 Manual therapy x 0.02 + 18 Sports physio + taping x 0.02 + 14 Lymph drainage x 0.04 + 4 Shockwave x 0.04 = 2.52, x 0.95 (actual use vs standard rates, last 8 weeks) = 2.39",3,0,0,0,carton of 10 boxes,0,box,2026-10-20,enough on the shelf,10,1,Stock dropped more than usage explains
DISINF-WIPES,Surface disinfectant wipes,Elbe Example Hygiene (fictional),4,5,average 4 per week (last 4 weeks) x 1.1 (139 appointments next week vs 126.3 on average) = 4.4,2,0,3,1,case of 6 tubs,6,tub,2026-10-20,add to cart,6,1,
HAND-SAN,Hand sanitiser 500 ml,Elbe Example Hygiene (fictional),10,4,average 3 per week (last 4 weeks) x 1.1 (139 appointments next week vs 126.3 on average) = 3.3,2,0,0,0,case of 10 bottles,0,bottle,2026-10-20,enough on the shelf,10,1,
PAPER-TOWELS,Paper hand towels,Elbe Example Hygiene (fictional),18,12,average 10.75 per week (last 4 weeks) x 1.1 (139 appointments next week vs 126.3 on average) = 11.83,4,0,0,0,carton of 20 bundles,0,bundle,2026-10-20,enough on the shelf,20,1,
ELECTRODES,Electrode pads 5 x 5 cm,Hafen Example Electro (fictional),3,9,"bookings: 16 Electrotherapy x 0.5 = 8, x 1.03 (actual use vs standard rates, last 8 weeks) = 8.24",2,0,8,2,box of 5 bags,10,bag,2026-10-21,add to cart,5,1,May run short before the delivery