item_id,item,unit,weeks,avg_removal_per_week,agent_forecast_pct_error,agent_forecast_bias_per_week,naive_forecast_pct_error,naive_forecast_bias_per_week,agent_stockout_weeks,agent_units_short,agent_weeks_above_safety,agent_units_ordered,same_order_stockout_weeks,same_order_units_short,same_order_weeks_above_safety,same_order_units_ordered,naive_rule_stockout_weeks,naive_rule_units_short,naive_rule_weeks_above_safety,naive_rule_units_ordered,vs_same_order_stockouts,vs_naive_rule_stockouts,vs_same_order_above_safety,vs_naive_rule_above_safety,vs_naive_forecast_error
KT-TAPE,Kinesiology tape 5 cm x 5 m,rolls,41,9.83,29.7,0.12,41.7,-0.34,1,3,0.37,402,19,143,0.41,246,6,17,0.37,384,win,win,win,tie,win
RIGID-TAPE,Rigid sports tape 3.8 cm,rolls,41,11.12,35.9,-0.25,50.0,-0.34,3,10,0.59,456,0,0,6.53,492,4,13,0.66,444,loss,win,win,win,win
LOTION,Massage lotion 1 l,bottles,41,1.63,62.9,0.14,92.5,0.0,3,3,0.54,65,0,0,4.79,82,4,4,0.64,65,loss,win,win,win,win
COLD-PACK,Instant cold pack,cold packs,41,4.68,40.4,0.01,59.9,-0.07,0,0,2.53,216,0,0,89.16,984,0,0,2.4,216,tie,tie,win,loss,win
US-GEL,Ultrasound gel 250 ml,bottles,41,3.1,41.1,0.11,82.7,-0.02,0,0,2.14,132,0,0,62.88,492,2,3,1.99,132,tie,win,win,loss,win
COUCH-ROLL,Couch roll 50 m,rolls,41,8.27,33.9,0.55,45.1,-0.32,1,1,0.7,342,5,11,2.96,369,5,8,0.6,333,win,win,win,loss,win
GLOVES-M,"Nitrile gloves, size M",boxes,41,1.83,55.8,0.21,76.0,-0.07,0,0,3.08,80,0,0,94.79,410,0,0,2.97,80,tie,tie,win,loss,win
DISINF-WIPES,Surface disinfectant wipes,tubs,41,4.73,46.0,0.26,56.7,-0.2,2,3,0.73,198,0,0,7.62,246,6,13,0.76,180,loss,win,win,win,win
HAND-SAN,Hand sanitiser 500 ml,bottles,41,3.07,52.4,0.22,68.3,-0.05,0,0,1.87,130,0,0,46.31,410,0,0,2.18,130,tie,tie,win,win,win
PAPER-TOWELS,Paper hand towels,bundles,41,10.22,28.9,0.31,46.8,-0.44,2,3,1.06,420,0,0,21.73,820,7,15,0.97,400,loss,win,win,loss,win
ELECTRODES,Electrode pads 5 x 5 cm,bags,41,4.73,47.6,-0.01,66.0,-0.15,7,20,0.64,175,0,0,22.87,410,8,20,0.91,175,loss,win,win,win,win
ALL,all 11 items,(mixed),41,,43.1,,62.3,,19,43,1.3,,24,154,32.73,,42,93,1.31,,2 wins/5 losses/4 ties,8 wins/0 losses/3 ties,11 wins/0 losses/0 ties,5 wins/5 losses/1 ties,11 wins/0 losses/0 ties
