week_start,item_id,item,unit,pack,friday_bookings,consumption,loss,actual_removal,recorded_use,agent_forecast,agent_forecast_rounded_up,agent_factor,naive_forecast,safety_stock,delivery_day,open_days,agent_true_shelf_friday_before,agent_counted_friday_before,agent_packs,agent_units_ordered,agent_short,agent_left_friday,agent_above_safety,same_order_true_shelf_friday_before,same_order_counted_friday_before,same_order_packs,same_order_units_ordered,same_order_short,same_order_left_friday,same_order_above_safety,naive_rule_true_shelf_friday_before,naive_rule_counted_friday_before,naive_rule_packs,naive_rule_units_ordered,naive_rule_short,naive_rule_left_friday,naive_rule_above_safety
2026-01-05,KT-TAPE,Kinesiology tape 5 cm x 5 m,rolls,box of 6 rolls,118,5,0,5,5,6.97,7,0.85,0,3,2026-01-05,5,3,3,2,12,0,10,7,3,3,1,6,0,4,1,3,3,0,0,2,0,0
2026-01-05,RIGID-TAPE,Rigid sports tape 3.8 cm,rolls,box of 12 rolls,118,6,0,6,6,6.86,7,1.43,0,4,2026-01-05,5,4,4,1,12,0,10,6,4,4,1,12,0,10,6,4,4,0,0,2,0,0
2026-01-05,LOTION,Massage lotion 1 l,bottles,bottle,118,1,0,1,1,1.65,2,1.12,0,1,2026-01-05,5,1,1,2,2,0,2,1,1,1,2,2,0,2,1,1,1,0,0,0,0,0
2026-01-05,COLD-PACK,Instant cold pack,cold packs,box of 24 cold packs,118,3,2,5,5,1.97,2,0.82,0,6,2026-01-05,5,6,6,1,24,0,25,19,6,6,1,24,0,25,19,6,6,0,0,0,1,0
2026-01-05,US-GEL,Ultrasound gel 250 ml,bottles,case of 12 bottles,118,4,0,4,4,2.96,3,0.8,0,3,2026-01-06,5,3,3,1,12,0,11,8,3,3,1,12,0,11,8,3,3,0,0,1,0,0
2026-01-05,COUCH-ROLL,Couch roll 50 m,rolls,pack of 9 rolls,118,15,0,15,15,9.17,10,1.2,3,4,2026-01-06,5,4,4,2,18,0,7,3,4,4,1,9,2,0,0,4,4,1,9,2,0,0
2026-01-05,GLOVES-M,"Nitrile gloves, size M",boxes,carton of 10 boxes,118,2,0,2,2,2.67,3,1.14,0,3,2026-01-06,5,3,3,1,10,0,11,8,3,3,1,10,0,11,8,3,3,0,0,0,1,0
2026-01-05,DISINF-WIPES,Surface disinfectant wipes,tubs,case of 6 tubs,118,3,0,3,3,5.72,6,,0,2,2026-01-06,5,2,2,1,6,0,5,3,2,2,1,6,0,5,3,2,2,0,0,1,0,0
2026-01-05,HAND-SAN,Hand sanitiser 500 ml,bottles,case of 10 bottles,118,3,0,3,3,3.49,4,,3,2,2026-01-06,5,2,2,1,10,0,9,7,2,2,1,10,0,9,7,2,2,1,10,0,9,7
2026-01-05,PAPER-TOWELS,Paper hand towels,bundles,carton of 20 bundles,118,8,0,8,10,13.97,14,,0,4,2026-01-06,5,4,4,1,20,0,16,12,4,4,1,20,0,16,12,4,4,0,0,4,0,0
2026-01-05,ELECTRODES,Electrode pads 5 x 5 cm,bags,box of 5 bags,118,5,0,5,5,5.12,6,1.28,1,2,2026-01-07,5,2,2,2,10,0,7,5,2,2,2,10,0,7,5,2,2,1,5,0,2,0
2026-01-12,KT-TAPE,Kinesiology tape 5 cm x 5 m,rolls,box of 6 rolls,132,6,0,6,6,6.59,7,0.89,5,3,2026-01-12,5,10,10,0,0,0,4,1,4,4,1,6,0,4,1,0,0,2,12,0,6,3
2026-01-12,RIGID-TAPE,Rigid sports tape 3.8 cm,rolls,box of 12 rolls,132,6,0,6,6,8.58,9,1.43,6,4,2026-01-12,5,10,10,1,12,0,16,12,10,10,1,12,0,16,12,0,0,1,12,0,6,2
2026-01-12,LOTION,Massage lotion 1 l,bottles,bottle,132,3,0,3,3,3.42,4,1.31,1,1,2026-01-12,5,2,2,3,3,0,2,1,2,2,2,2,0,1,0,0,0,2,2,1,0,0
2026-01-12,COLD-PACK,Instant cold pack,cold packs,box of 24 cold packs,132,4,0,4,4,2.46,3,0.82,5,6,2026-01-12,5,25,25,0,0,0,21,15,25,25,1,24,0,45,39,1,1,1,24,0,21,15
2026-01-12,US-GEL,Ultrasound gel 250 ml,bottles,case of 12 bottles,132,6,0,6,6,3.72,4,0.8,4,3,2026-01-13,5,11,11,0,0,0,5,2,11,11,1,12,0,17,14,0,0,1,12,2,8,5
2026-01-12,COUCH-ROLL,Couch roll 50 m,rolls,pack of 9 rolls,132,8,0,8,8,10.18,11,1.2,15,4,2026-01-13,5,7,7,1,9,0,8,4,0,0,1,9,2,3,0,0,0,3,27,2,21,17
2026-01-12,GLOVES-M,"Nitrile gloves, size M",boxes,carton of 10 boxes,132,5,0,5,5,2.74,3,1.19,2,3,2026-01-13,5,11,11,0,0,0,6,3,11,11,1,10,0,16,13,1,1,1,10,0,6,3
2026-01-12,DISINF-WIPES,Surface disinfectant wipes,tubs,case of 6 tubs,132,5,4,9,9,4.68,5,,3,2,2026-01-13,5,5,5,1,6,0,2,0,5,5,1,6,0,2,0,0,0,1,6,1,0,0
2026-01-12,HAND-SAN,Hand sanitiser 500 ml,bottles,case of 10 bottles,132,4,0,4,4,5.14,6,,3,2,2026-01-13,5,9,9,0,0,0,5,3,9,9,1,10,0,15,13,9,9,0,0,0,5,3
2026-01-12,PAPER-TOWELS,Paper hand towels,bundles,carton of 20 bundles,132,11,0,11,9,12.62,13,,10,4,2026-01-13,5,16,14,1,20,0,25,21,16,14,1,20,0,25,21,0,0,1,20,3,12,8
2026-01-12,ELECTRODES,Electrode pads 5 x 5 cm,bags,box of 5 bags,132,4,0,4,4,6.25,7,1.25,5,2,2026-01-14,5,7,7,1,5,0,8,6,7,7,2,10,0,13,11,2,2,1,5,0,3,1
2026-01-19,KT-TAPE,Kinesiology tape 5 cm x 5 m,rolls,box of 6 rolls,130,4,0,4,4,4.0,4,0.85,6,3,2026-01-19,5,4,4,1,6,0,6,3,4,4,1,6,0,6,3,6,6,1,6,0,8,5
2026-01-19,RIGID-TAPE,Rigid sports tape 3.8 cm,rolls,box of 12 rolls,130,3,0,3,3,4.44,5,1.48,6,4,2026-01-19,5,16,16,0,0,0,13,9,16,16,1,12,0,25,21,6,6,1,12,0,15,11
2026-01-19,LOTION,Massage lotion 1 l,bottles,bottle,130,0,0,0,0,2.63,3,1.17,3,1,2026-01-19,5,2,2,2,2,0,4,3,1,1,2,2,0,3,2,0,0,4,4,0,4,3
2026-01-19,COLD-PACK,Instant cold pack,cold packs,box of 24 cold packs,130,1,0,1,1,1.2,2,0.8,4,6,2026-01-19,5,21,21,0,0,0,20,14,45,45,1,24,0,68,62,21,21,0,0,0,20,14
2026-01-19,US-GEL,Ultrasound gel 250 ml,bottles,case of 12 bottles,130,1,0,1,1,2.68,3,0.8,6,3,2026-01-20,5,5,5,1,12,0,16,13,17,17,1,12,0,28,25,8,8,1,12,0,19,16
2026-01-19,COUCH-ROLL,Couch roll 50 m,rolls,pack of 9 rolls,130,9,0,9,9,11.76,12,1.42,8,4,2026-01-20,5,8,8,1,9,0,8,4,3,3,1,9,0,3,0,21,21,0,0,0,12,8
2026-01-19,GLOVES-M,"Nitrile gloves, size M",boxes,carton of 10 boxes,130,1,0,1,1,2.8,3,1.25,5,3,2026-01-20,5,6,6,0,0,0,5,2,16,16,1,10,0,25,22,6,6,1,10,0,15,12
2026-01-19,DISINF-WIPES,Surface disinfectant wipes,tubs,case of 6 tubs,130,4,0,4,4,3.89,4,,9,2,2026-01-20,5,2,2,1,6,0,4,2,2,2,1,6,0,4,2,0,0,2,12,1,9,7
2026-01-19,HAND-SAN,Hand sanitiser 500 ml,bottles,case of 10 bottles,130,3,0,3,3,4.76,5,,4,2,2026-01-20,5,5,5,1,10,0,12,10,15,15,1,10,0,22,20,5,5,1,10,0,12,10
2026-01-19,PAPER-TOWELS,Paper hand towels,bundles,carton of 20 bundles,130,12,0,12,12,14.27,15,,9,4,2026-01-20,5,25,25,0,0,0,13,9,25,25,1,20,0,33,29,12,12,1,20,0,20,16
2026-01-19,ELECTRODES,Electrode pads 5 x 5 cm,bags,box of 5 bags,130,8,0,8,8,7.48,8,1.15,4,2,2026-01-21,5,8,8,1,5,0,5,3,13,13,2,10,0,15,13,3,3,1,5,1,1,0
2026-01-26,KT-TAPE,Kinesiology tape 5 cm x 5 m,rolls,box of 6 rolls,121,1,0,1,1,5.74,6,0.87,4,3,2026-01-26,5,6,6,1,6,0,11,8,6,6,1,6,0,11,8,8,8,0,0,0,7,4
2026-01-26,RIGID-TAPE,Rigid sports tape 3.8 cm,rolls,box of 12 rolls,121,10,0,10,10,7.01,8,1.46,3,4,2026-01-26,5,13,13,0,0,0,3,0,25,25,1,12,0,27,23,15,15,0,0,0,5,1
2026-01-26,LOTION,Massage lotion 1 l,bottles,bottle,121,2,0,2,2,2.0,2,1.36,0,1,2026-01-26,5,4,4,0,0,0,2,1,3,3,2,2,0,3,2,4,4,0,0,0,2,1
2026-01-26,COLD-PACK,Instant cold pack,cold packs,box of 24 cold packs,121,3,0,3,3,2.21,3,0.92,1,6,2026-01-26,5,20,20,0,0,0,17,11,68,68,1,24,0,89,83,20,20,0,0,0,17,11
2026-01-26,US-GEL,Ultrasound gel 250 ml,bottles,case of 12 bottles,121,3,0,3,3,3.4,4,0.8,1,3,2026-01-27,5,16,16,0,0,0,13,10,28,28,1,12,0,37,34,19,19,0,0,0,16,13
2026-01-26,COUCH-ROLL,Couch roll 50 m,rolls,pack of 9 rolls,121,8,0,8,8,11.49,12,1.5,9,4,2026-01-27,5,8,8,1,9,0,9,5,3,3,1,9,0,4,0,12,12,1,9,0,13,9
2026-01-26,GLOVES-M,"Nitrile gloves, size M",boxes,carton of 10 boxes,121,1,0,1,1,2.9,3,1.32,1,3,2026-01-27,5,5,5,1,10,0,14,11,25,25,1,10,0,34,31,15,15,0,0,0,14,11
2026-01-26,DISINF-WIPES,Surface disinfectant wipes,tubs,case of 6 tubs,121,0,0,0,0,5.6,6,,4,2,2026-01-27,5,4,4,1,6,0,10,8,4,4,1,6,0,10,8,9,9,0,0,0,9,7
2026-01-26,HAND-SAN,Hand sanitiser 500 ml,bottles,case of 10 bottles,121,3,3,6,6,4.4,5,,3,2,2026-01-27,5,12,12,0,0,0,6,4,22,22,1,10,0,26,24,12,12,0,0,0,6,4
2026-01-26,PAPER-TOWELS,Paper hand towels,bundles,carton of 20 bundles,121,12,0,12,12,9.6,10,,12,4,2026-01-27,5,13,13,1,20,0,21,17,33,33,1,20,0,41,37,20,20,0,0,0,8,4
2026-01-26,ELECTRODES,Electrode pads 5 x 5 cm,bags,box of 5 bags,121,7,0,7,7,7.48,8,1.15,8,2,2026-01-28,5,5,5,1,5,0,3,1,15,15,2,10,0,18,16,1,1,2,10,3,7,5
2026-02-02,KT-TAPE,Kinesiology tape 5 cm x 5 m,rolls,box of 6 rolls,125,7,0,7,7,7.18,8,0.92,1,3,2026-02-02,5,11,11,0,0,0,4,1,11,11,1,6,0,10,7,7,7,0,0,0,0,0
2026-02-02,RIGID-TAPE,Rigid sports tape 3.8 cm,rolls,box of 12 rolls,125,9,0,9,9,8.34,9,1.39,10,4,2026-02-02,5,3,3,1,12,0,6,2,27,27,1,12,0,30,26,5,5,1,12,0,8,4
2026-02-02,LOTION,Massage lotion 1 l,bottles,bottle,125,0,0,0,0,2.29,3,1.23,2,1,2026-02-02,5,2,2,2,2,0,4,3,3,3,2,2,0,5,4,2,2,1,1,0,3,2
2026-02-02,COLD-PACK,Instant cold pack,cold packs,box of 24 cold packs,125,4,0,4,4,3.18,4,1.06,3,6,2026-02-02,5,17,17,0,0,0,13,7,89,89,1,24,0,109,103,17,17,0,0,0,13,7
2026-02-02,US-GEL,Ultrasound gel 250 ml,bottles,case of 12 bottles,125,1,0,1,1,1.24,2,0.8,3,3,2026-02-03,5,13,13,0,0,0,12,9,37,37,1,12,0,48,45,16,16,0,0,0,15,12
2026-02-02,COUCH-ROLL,Couch roll 50 m,rolls,pack of 9 rolls,125,10,0,10,10,12.0,12,1.5,8,4,2026-02-03,5,9,9,1,9,0,8,4,4,4,1,9,0,3,0,13,13,0,0,0,3,0
2026-02-02,GLOVES-M,"Nitrile gloves, size M",boxes,carton of 10 boxes,125,0,0,0,0,2.48,3,1.06,1,3,2026-02-03,5,14,14,0,0,0,14,11,34,34,1,10,0,44,41,14,14,0,0,0,14,11
2026-02-02,DISINF-WIPES,Surface disinfectant wipes,tubs,case of 6 tubs,125,4,0,4,4,5.12,6,,0,2,2026-02-03,5,10,10,0,0,0,6,4,10,10,1,6,0,12,10,9,9,0,0,0,5,3
2026-02-02,HAND-SAN,Hand sanitiser 500 ml,bottles,case of 10 bottles,125,5,0,5,5,4.16,5,,6,2,2026-02-03,5,6,6,1,10,0,11,9,26,26,1,10,0,31,29,6,6,1,10,0,11,9
2026-02-02,PAPER-TOWELS,Paper hand towels,bundles,carton of 20 bundles,125,6,0,6,6,9.92,10,,12,4,2026-02-03,5,21,21,0,0,0,15,11,41,41,1,20,0,55,51,8,8,1,20,0,22,18
2026-02-02,ELECTRODES,Electrode pads 5 x 5 cm,bags,box of 5 bags,125,5,0,5,5,5.95,6,1.19,7,2,2026-02-04,5,3,3,1,5,0,3,1,18,18,2,10,0,23,21,7,7,1,5,0,7,5
2026-02-09,KT-TAPE,Kinesiology tape 5 cm x 5 m,rolls,box of 6 rolls,122,2,0,2,2,5.88,6,0.84,7,3,2026-02-09,5,4,4,1,6,0,8,5,10,10,1,6,0,14,11,0,0,2,12,0,10,7
2026-02-09,RIGID-TAPE,Rigid sports tape 3.8 cm,rolls,box of 12 rolls,122,7,0,7,7,7.2,8,1.5,9,4,2026-02-09,5,6,6,1,12,0,11,7,30,30,1,12,0,35,31,8,8,1,12,0,13,9
2026-02-09,LOTION,Massage lotion 1 l,bottles,bottle,122,0,0,0,0,1.83,2,0.91,0,1,2026-02-09,5,4,4,0,0,0,4,3,5,5,2,2,0,7,6,3,3,0,0,0,3,2
2026-02-09,COLD-PACK,Instant cold pack,cold packs,box of 24 cold packs,122,2,0,2,2,2.66,3,1.11,4,6,2026-02-09,5,13,13,0,0,0,11,5,109,109,1,24,0,131,125,13,13,0,0,0,11,5
2026-02-09,US-GEL,Ultrasound gel 250 ml,bottles,case of 12 bottles,122,3,0,3,3,2.84,3,0.8,1,3,2026-02-10,5,12,12,0,0,0,9,6,48,48,1,12,0,57,54,15,15,0,0,0,12,9
2026-02-09,COUCH-ROLL,Couch roll 50 m,rolls,pack of 9 rolls,122,12,0,12,12,11.16,12,1.42,10,4,2026-02-10,5,8,8,1,9,0,5,1,3,3,1,9,0,0,0,3,3,2,18,0,9,5
2026-02-09,GLOVES-M,"Nitrile gloves, size M",boxes,carton of 10 boxes,122,1,0,1,1,1.75,2,0.81,0,3,2026-02-10,5,14,14,0,0,0,13,10,44,44,1,10,0,53,50,14,14,0,0,0,13,10
2026-02-09,DISINF-WIPES,Surface disinfectant wipes,tubs,case of 6 tubs,122,2,0,2,2,3.96,4,,4,2,2026-02-10,5,6,6,0,0,0,4,2,12,12,1,6,0,16,14,5,5,1,6,0,9,7
2026-02-09,HAND-SAN,Hand sanitiser 500 ml,bottles,case of 10 bottles,122,5,0,5,5,3.96,4,,5,2,2026-02-10,5,11,11,0,0,0,6,4,31,31,1,10,0,36,34,11,11,0,0,0,6,4
2026-02-09,PAPER-TOWELS,Paper hand towels,bundles,carton of 20 bundles,122,7,0,7,7,10.64,11,,6,4,2026-02-10,5,15,15,0,0,0,8,4,55,55,1,20,0,68,64,22,22,0,0,0,15,11
2026-02-09,ELECTRODES,Electrode pads 5 x 5 cm,bags,box of 5 bags,122,3,0,3,3,4.68,5,1.17,5,2,2026-02-11,5,3,3,1,5,0,5,3,23,23,2,10,0,30,28,7,7,0,0,0,4,2
2026-02-16,KT-TAPE,Kinesiology tape 5 cm x 5 m,rolls,box of 6 rolls,140,7,0,7,7,7.05,8,0.87,2,3,2026-02-16,5,8,8,1,6,0,7,4,14,14,1,6,0,13,10,10,10,0,0,0,3,0
2026-02-16,RIGID-TAPE,Rigid sports tape 3.8 cm,rolls,box of 12 rolls,140,8,0,8,8,9.77,10,1.48,7,4,2026-02-16,5,11,11,1,12,0,15,11,35,35,1,12,0,39,35,13,13,0,0,0,5,1
2026-02-16,LOTION,Massage lotion 1 l,bottles,bottle,140,2,0,2,2,1.69,2,0.88,0,1,2026-02-16,5,4,4,0,0,0,2,1,7,7,2,2,0,7,6,3,3,0,0,0,1,0
2026-02-16,COLD-PACK,Instant cold pack,cold packs,box of 24 cold packs,140,2,0,2,2,3.79,4,1.15,2,6,2026-02-16,5,11,11,0,0,0,9,3,131,131,1,24,0,153,147,11,11,0,0,0,9,3
2026-02-16,US-GEL,Ultrasound gel 250 ml,bottles,case of 12 bottles,140,3,0,3,3,4.6,5,0.86,3,3,2026-02-17,5,9,9,0,0,0,6,3,57,57,1,12,0,66,63,12,12,0,0,0,9,6
2026-02-16,COUCH-ROLL,Couch roll 50 m,rolls,pack of 9 rolls,140,12,0,12,12,12.82,13,1.44,12,4,2026-02-17,5,5,5,2,18,0,11,7,0,0,1,9,3,0,0,9,9,1,9,0,6,2
2026-02-16,GLOVES-M,"Nitrile gloves, size M",boxes,carton of 10 boxes,140,1,0,1,1,2.02,3,0.8,1,3,2026-02-17,5,13,13,0,0,0,12,9,53,53,1,10,0,62,59,13,13,0,0,0,12,9
2026-02-16,DISINF-WIPES,Surface disinfectant wipes,tubs,case of 6 tubs,140,6,3,9,9,4.76,5,,2,2,2026-02-17,5,4,4,1,6,0,1,0,16,16,1,6,0,13,11,9,9,0,0,0,0,0
2026-02-16,HAND-SAN,Hand sanitiser 500 ml,bottles,case of 10 bottles,140,4,0,4,4,5.04,6,,5,2,2026-02-17,5,6,6,1,10,0,12,10,36,36,1,10,0,42,40,6,6,1,10,0,12,10
2026-02-16,PAPER-TOWELS,Paper hand towels,bundles,carton of 20 bundles,140,13,0,13,13,10.92,11,,7,4,2026-02-17,5,8,8,1,20,0,15,11,68,68,1,20,0,75,71,15,15,0,0,0,2,0
2026-02-16,ELECTRODES,Electrode pads 5 x 5 cm,bags,box of 5 bags,140,5,0,5,5,2.24,3,1.12,3,2,2026-02-18,5,5,5,0,0,0,0,0,30,30,2,10,0,35,33,4,4,1,5,0,4,2
2026-02-23,KT-TAPE,Kinesiology tape 5 cm x 5 m,rolls,box of 6 rolls,121,6,0,6,6,5.68,6,0.8,7,3,2026-02-23,5,7,7,1,6,0,7,4,13,13,1,6,0,13,10,3,3,2,12,0,9,6
2026-02-23,RIGID-TAPE,Rigid sports tape 3.8 cm,rolls,box of 12 rolls,121,6,0,6,6,7.56,8,1.4,8,4,2026-02-23,5,15,15,0,0,0,9,5,39,39,1,12,0,45,41,5,5,1,12,0,11,7
2026-02-23,LOTION,Massage lotion 1 l,bottles,bottle,121,4,0,4,4,1.22,2,0.8,2,1,2026-02-23,5,2,2,1,1,1,0,0,7,7,2,2,0,5,4,1,1,2,2,1,0,0
2026-02-23,COLD-PACK,Instant cold pack,cold packs,box of 24 cold packs,121,6,4,10,10,3.16,4,1.17,2,6,2026-02-23,5,9,9,1,24,0,23,17,153,153,1,24,0,167,161,9,9,0,0,0,0,0
2026-02-23,US-GEL,Ultrasound gel 250 ml,bottles,case of 12 bottles,121,2,0,2,2,1.98,2,0.92,3,3,2026-02-24,5,6,6,0,0,0,4,1,66,66,1,12,0,76,73,9,9,0,0,0,7,4
2026-02-23,COUCH-ROLL,Couch roll 50 m,rolls,pack of 9 rolls,121,9,0,9,9,10.06,11,1.31,12,4,2026-02-24,5,11,11,1,9,0,11,7,0,0,1,9,2,2,0,6,6,2,18,0,15,11
2026-02-23,GLOVES-M,"Nitrile gloves, size M",boxes,carton of 10 boxes,121,2,0,2,2,1.73,2,0.8,1,3,2026-02-24,5,12,12,0,0,0,10,7,62,62,1,10,0,70,67,12,12,0,0,0,10,7
2026-02-23,DISINF-WIPES,Surface disinfectant wipes,tubs,case of 6 tubs,121,4,0,4,4,2.5,3,,9,2,2026-02-24,5,1,1,1,6,0,3,1,13,13,1,6,0,15,13,0,0,2,12,1,9,7
2026-02-23,HAND-SAN,Hand sanitiser 500 ml,bottles,case of 10 bottles,121,5,0,5,5,4.75,5,,4,2,2026-02-24,5,12,12,0,0,0,7,5,42,42,1,10,0,47,45,12,12,0,0,0,7,5
2026-02-23,PAPER-TOWELS,Paper hand towels,bundles,carton of 20 bundles,121,2,0,2,2,9.25,10,,13,4,2026-02-24,5,15,15,0,0,0,13,9,75,75,1,20,0,93,89,2,2,1,20,0,20,16
2026-02-23,ELECTRODES,Electrode pads 5 x 5 cm,bags,box of 5 bags,121,10,0,10,10,6.18,7,1.03,5,2,2026-02-25,5,0,0,2,10,4,4,2,35,35,2,10,0,35,33,4,4,1,5,1,0,0
2026-03-02,KT-TAPE,Kinesiology tape 5 cm x 5 m,rolls,box of 6 rolls,101,6,0,6,5,4.56,5,0.8,6,3,2026-03-02,5,7,7,1,6,0,7,4,13,13,1,6,0,13,10,9,9,0,0,0,3,0
2026-03-02,RIGID-TAPE,Rigid sports tape 3.8 cm,rolls,box of 12 rolls,101,5,0,5,6,5.63,6,1.34,6,4,2026-03-02,5,9,9,1,12,0,16,12,45,45,1,12,0,52,48,11,11,0,0,0,6,2
2026-03-02,LOTION,Massage lotion 1 l,bottles,bottle,101,0,0,0,0,0.89,1,0.8,4,1,2026-03-02,5,0,0,2,2,0,2,1,5,5,2,2,0,7,6,0,0,5,5,0,5,4
2026-03-02,COLD-PACK,Instant cold pack,cold packs,box of 24 cold packs,101,5,0,5,5,2.42,3,1.15,10,6,2026-03-02,5,23,23,0,0,0,18,12,167,167,1,24,0,186,180,0,0,1,24,0,19,13
2026-03-02,US-GEL,Ultrasound gel 250 ml,bottles,case of 12 bottles,101,2,0,2,2,2.77,3,0.88,2,3,2026-03-03,5,4,4,1,12,0,14,11,76,76,1,12,0,86,83,7,7,0,0,0,5,2
2026-03-02,COUCH-ROLL,Couch roll 50 m,rolls,pack of 9 rolls,101,7,0,7,7,8.77,9,1.37,9,4,2026-03-03,5,11,11,1,9,0,13,9,2,2,1,9,0,4,0,15,15,0,0,0,8,4
2026-03-02,GLOVES-M,"Nitrile gloves, size M",boxes,carton of 10 boxes,101,2,0,2,2,1.36,2,0.8,2,3,2026-03-03,5,10,10,0,0,0,8,5,70,70,1,10,0,78,75,10,10,0,0,0,8,5
2026-03-02,DISINF-WIPES,Surface disinfectant wipes,tubs,case of 6 tubs,101,5,0,5,5,3.11,4,,4,2,2026-03-03,5,3,3,1,6,0,4,2,15,15,1,6,0,16,14,9,9,0,0,0,4,2
2026-03-02,HAND-SAN,Hand sanitiser 500 ml,bottles,case of 10 bottles,101,3,0,3,3,4.15,5,,5,2,2026-03-03,5,7,7,0,0,0,4,2,47,47,1,10,0,54,52,7,7,0,0,0,4,2
2026-03-02,PAPER-TOWELS,Paper hand towels,bundles,carton of 20 bundles,101,8,0,8,8,7.89,8,,2,4,2026-03-03,5,13,13,0,0,0,5,1,93,93,1,20,0,105,101,20,20,0,0,0,12,8
2026-03-02,ELECTRODES,Electrode pads 5 x 5 cm,bags,box of 5 bags,101,9,5,14,14,6.0,6,1.09,10,2,2026-03-04,5,4,4,1,5,0,0,0,35,35,2,10,0,31,29,0,0,3,15,4,5,3
2026-03-09,KT-TAPE,Kinesiology tape 5 cm x 5 m,rolls,box of 6 rolls,111,3,0,3,4,5.12,6,0.8,5,3,2026-03-09,5,7,8,1,6,0,10,7,13,14,1,6,0,16,13,3,4,1,6,0,6,3
2026-03-09,RIGID-TAPE,Rigid sports tape 3.8 cm,rolls,box of 12 rolls,111,5,0,5,4,6.29,7,1.31,6,4,2026-03-09,5,16,15,0,0,0,11,7,52,51,1,12,0,59,55,6,5,1,12,0,13,9
2026-03-09,LOTION,Massage lotion 1 l,bottles,bottle,111,3,0,3,3,1.42,2,0.8,0,1,2026-03-09,5,2,2,1,1,0,0,0,7,7,2,2,0,6,5,5,5,0,0,0,2,1
2026-03-09,COLD-PACK,Instant cold pack,cold packs,box of 24 cold packs,111,2,0,2,2,3.55,4,1.48,5,6,2026-03-09,5,18,18,0,0,0,16,10,186,186,1,24,0,208,202,19,19,0,0,0,17,11
2026-03-09,US-GEL,Ultrasound gel 250 ml,bottles,case of 12 bottles,111,2,0,2,2,2.18,3,0.89,2,3,2026-03-10,5,14,14,0,0,0,12,9,86,86,1,12,0,96,93,5,5,0,0,0,3,0
2026-03-09,COUCH-ROLL,Couch roll 50 m,rolls,pack of 9 rolls,111,8,6,14,14,9.35,10,1.32,7,4,2026-03-10,5,13,13,1,9,0,8,4,4,4,1,9,0,0,0,8,8,1,9,0,3,0
2026-03-09,GLOVES-M,"Nitrile gloves, size M",boxes,carton of 10 boxes,111,2,0,2,2,1.71,2,0.8,2,3,2026-03-10,5,8,8,0,0,0,6,3,78,78,1,10,0,86,83,8,8,0,0,0,6,3
2026-03-09,DISINF-WIPES,Surface disinfectant wipes,tubs,case of 6 tubs,111,3,0,3,3,4.28,5,,5,2,2026-03-10,5,4,4,1,6,0,7,5,16,16,1,6,0,19,17,4,4,1,6,0,7,5
2026-03-09,HAND-SAN,Hand sanitiser 500 ml,bottles,case of 10 bottles,111,2,0,2,2,4.28,5,,3,2,2026-03-10,5,4,4,1,10,0,12,10,54,54,1,10,0,62,60,4,4,1,10,0,12,10
2026-03-09,PAPER-TOWELS,Paper hand towels,bundles,carton of 20 bundles,111,14,0,14,14,6.3,7,,8,4,2026-03-10,5,5,5,1,20,0,11,7,105,105,1,20,0,111,107,12,12,0,0,2,0,0
2026-03-09,ELECTRODES,Electrode pads 5 x 5 cm,bags,box of 5 bags,111,1,0,1,1,2.9,3,1.16,14,2,2026-03-11,5,0,0,1,5,1,5,3,31,31,2,10,0,40,38,5,5,3,15,0,19,17
2026-03-16,KT-TAPE,Kinesiology tape 5 cm x 5 m,rolls,box of 6 rolls,98,9,0,9,9,4.96,5,0.8,4,3,2026-03-16,5,10,10,0,0,0,1,0,16,16,1,6,0,13,10,6,6,1,6,0,3,0
2026-03-16,RIGID-TAPE,Rigid sports tape 3.8 cm,rolls,box of 12 rolls,98,5,0,5,5,7.74,8,1.29,4,4,2026-03-16,5,11,11,1,12,0,18,14,59,59,1,12,0,66,62,13,13,0,0,0,8,4
2026-03-16,LOTION,Massage lotion 1 l,bottles,bottle,98,2,0,2,2,1.18,2,0.8,3,1,2026-03-16,5,0,0,3,3,0,1,0,6,6,2,2,0,6,5,2,2,2,2,0,2,1
2026-03-16,COLD-PACK,Instant cold pack,cold packs,box of 24 cold packs,98,2,0,2,2,4.38,5,1.46,2,6,2026-03-16,5,16,16,0,0,0,14,8,208,208,1,24,0,230,224,17,17,0,0,0,15,9
2026-03-16,US-GEL,Ultrasound gel 250 ml,bottles,case of 12 bottles,98,1,0,1,1,2.45,3,0.83,2,3,2026-03-17,5,12,12,0,0,0,11,8,96,96,1,12,0,107,104,3,3,1,12,0,14,11
2026-03-16,COUCH-ROLL,Couch roll 50 m,rolls,pack of 9 rolls,98,8,0,8,8,7.49,8,1.22,14,4,2026-03-17,5,8,8,1,9,0,9,5,0,0,1,9,2,3,0,3,3,2,18,0,13,9
2026-03-16,GLOVES-M,"Nitrile gloves, size M",boxes,carton of 10 boxes,98,2,0,2,2,1.33,2,0.8,2,3,2026-03-17,5,6,6,0,0,0,4,1,86,86,1,10,0,94,91,6,6,0,0,0,4,1
2026-03-16,DISINF-WIPES,Surface disinfectant wipes,tubs,case of 6 tubs,98,4,0,4,4,4.2,5,,3,2,2026-03-17,5,7,7,0,0,0,3,1,19,19,1,6,0,21,19,7,7,0,0,0,3,1
2026-03-16,HAND-SAN,Hand sanitiser 500 ml,bottles,case of 10 bottles,98,0,0,0,0,3.57,4,,2,2,2026-03-17,5,12,12,0,0,0,12,10,62,62,1,10,0,72,70,12,12,0,0,0,12,10
2026-03-16,PAPER-TOWELS,Paper hand towels,bundles,carton of 20 bundles,98,6,0,6,6,6.3,7,,14,4,2026-03-17,5,11,11,0,0,0,5,1,111,111,1,20,0,125,121,0,0,1,20,2,16,12
2026-03-16,ELECTRODES,Electrode pads 5 x 5 cm,bags,box of 5 bags,98,2,0,2,2,6.85,7,1.37,1,2,2026-03-18,5,5,5,1,5,0,8,6,40,40,2,10,0,48,46,19,19,0,0,0,17,15
2026-03-23,KT-TAPE,Kinesiology tape 5 cm x 5 m,rolls,box of 6 rolls,110,4,0,4,4,6.72,7,0.8,9,3,2026-03-23,5,1,1,2,12,0,9,6,13,13,1,6,0,15,12,3,3,2,12,0,11,8
2026-03-23,RIGID-TAPE,Rigid sports tape 3.8 cm,rolls,box of 12 rolls,110,2,0,2,2,9.22,10,1.28,5,4,2026-03-23,5,18,18,0,0,0,16,12,66,66,1,12,0,76,72,8,8,1,12,0,18,14
2026-03-23,LOTION,Massage lotion 1 l,bottles,bottle,110,0,0,0,0,1.32,2,0.8,2,1,2026-03-23,5,1,1,2,2,0,3,2,6,6,2,2,0,8,7,2,2,1,1,0,3,2
2026-03-23,COLD-PACK,Instant cold pack,cold packs,box of 24 cold packs,110,4,0,4,4,5.04,6,1.4,2,6,2026-03-23,5,14,14,0,0,0,10,4,230,230,1,24,0,250,244,15,15,0,0,0,11,5
2026-03-23,US-GEL,Ultrasound gel 250 ml,bottles,case of 12 bottles,110,3,0,3,3,2.56,3,0.8,1,3,2026-03-24,5,11,11,0,0,0,8,5,107,107,1,12,0,116,113,14,14,0,0,0,11,8
2026-03-23,COUCH-ROLL,Couch roll 50 m,rolls,pack of 9 rolls,110,9,0,9,9,9.5,10,1.35,8,4,2026-03-24,5,9,9,1,9,0,9,5,3,3,1,9,0,3,0,13,13,0,0,0,4,0
2026-03-23,GLOVES-M,"Nitrile gloves, size M",boxes,carton of 10 boxes,110,3,0,3,3,1.47,2,0.8,2,3,2026-03-24,5,4,4,1,10,0,11,8,94,94,1,10,0,101,98,4,4,1,10,0,11,8
2026-03-23,DISINF-WIPES,Surface disinfectant wipes,tubs,case of 6 tubs,110,2,0,2,2,5.04,6,,4,2,2026-03-24,5,3,3,1,6,0,7,5,21,21,1,6,0,25,23,3,3,1,6,0,7,5
2026-03-23,HAND-SAN,Hand sanitiser 500 ml,bottles,case of 10 bottles,110,1,0,1,1,3.36,4,,0,2,2026-03-24,5,12,12,0,0,0,11,9,72,72,1,10,0,81,79,12,12,0,0,0,11,9
2026-03-23,PAPER-TOWELS,Paper hand towels,bundles,carton of 20 bundles,110,13,0,13,13,8.88,9,,6,4,2026-03-24,5,5,5,1,20,0,12,8,125,125,1,20,0,132,128,16,16,0,0,0,3,0
2026-03-23,ELECTRODES,Electrode pads 5 x 5 cm,bags,box of 5 bags,110,5,0,5,5,10.35,11,1.38,2,2,2026-03-25,5,8,8,1,5,0,8,6,48,48,2,10,0,53,51,17,17,0,0,0,12,10
2026-03-30,KT-TAPE,Kinesiology tape 5 cm x 5 m,rolls,box of 6 rolls,109,6,0,6,6,6.0,6,0.8,4,3,2026-03-30,4,9,9,0,0,0,3,0,15,15,1,6,0,15,12,11,11,0,0,0,5,2
2026-03-30,RIGID-TAPE,Rigid sports tape 3.8 cm,rolls,box of 12 rolls,109,5,0,5,5,6.7,7,1.24,2,4,2026-03-30,4,16,16,0,0,0,11,7,76,76,1,12,0,83,79,18,18,0,0,0,13,9
2026-03-30,LOTION,Massage lotion 1 l,bottles,bottle,109,1,0,1,1,1.55,2,1.01,0,1,2026-03-30,4,3,3,0,0,0,2,1,8,8,2,2,0,9,8,3,3,0,0,0,2,1
2026-03-30,COLD-PACK,Instant cold pack,cold packs,box of 24 cold packs,109,1,0,1,1,3.65,4,1.35,4,6,2026-03-30,4,10,10,0,0,0,9,3,250,250,1,24,0,273,267,11,11,0,0,0,10,4
2026-03-30,US-GEL,Ultrasound gel 250 ml,bottles,case of 12 bottles,109,4,0,4,4,3.24,4,0.8,3,3,2026-03-31,4,8,8,0,0,0,4,1,116,116,1,12,0,124,121,11,11,0,0,0,7,4
2026-03-30,COUCH-ROLL,Couch roll 50 m,rolls,pack of 9 rolls,109,0,0,0,0,9.69,10,1.38,9,4,2026-03-31,4,9,9,1,9,0,18,14,3,3,1,9,0,12,8,4,4,1,9,0,13,9
2026-03-30,GLOVES-M,"Nitrile gloves, size M",boxes,carton of 10 boxes,109,3,0,3,3,1.76,2,0.8,3,3,2026-03-31,4,11,11,0,0,0,8,5,101,101,1,10,0,108,105,11,11,0,0,0,8,5
2026-03-30,DISINF-WIPES,Surface disinfectant wipes,tubs,case of 6 tubs,109,3,0,3,3,4.08,5,,2,2,2026-03-31,4,7,7,0,0,0,4,2,25,25,1,6,0,28,26,7,7,0,0,0,4,2
2026-03-30,HAND-SAN,Hand sanitiser 500 ml,bottles,case of 10 bottles,109,3,0,3,5,2.55,3,,1,2,2026-03-31,4,11,11,0,0,0,8,6,81,81,1,10,0,88,86,11,11,0,0,0,8,6
2026-03-30,PAPER-TOWELS,Paper hand towels,bundles,carton of 20 bundles,109,7,0,7,7,7.65,8,,13,4,2026-03-31,4,12,12,0,0,0,5,1,132,132,1,20,0,145,141,3,3,1,20,0,16,12
2026-03-30,ELECTRODES,Electrode pads 5 x 5 cm,bags,box of 5 bags,109,6,0,6,6,4.62,5,1.32,5,2,2026-04-01,4,8,8,0,0,0,2,0,53,53,2,10,0,57,55,12,12,0,0,0,6,4
2026-04-06,KT-TAPE,Kinesiology tape 5 cm x 5 m,rolls,box of 6 rolls,97,4,0,4,4,5.68,6,0.8,6,3,2026-04-07,4,3,3,1,6,0,5,2,15,15,1,6,0,17,14,5,5,1,6,0,7,4
2026-04-06,RIGID-TAPE,Rigid sports tape 3.8 cm,rolls,box of 12 rolls,97,4,0,4,4,5.51,6,1.02,5,4,2026-04-07,4,11,11,0,0,0,7,3,83,83,1,12,0,91,87,13,13,0,0,0,9,5
2026-04-06,LOTION,Massage lotion 1 l,bottles,bottle,97,3,0,3,3,1.62,2,0.83,1,1,2026-04-07,4,2,2,1,1,0,0,0,9,9,2,2,0,8,7,2,2,0,0,1,0,0
2026-04-06,COLD-PACK,Instant cold pack,cold packs,box of 24 cold packs,97,0,0,0,0,3.62,4,1.34,1,6,2026-04-07,4,9,9,1,24,0,33,27,273,273,1,24,0,297,291,10,10,0,0,0,10,4
2026-04-06,US-GEL,Ultrasound gel 250 ml,bottles,case of 12 bottles,97,1,0,1,1,2.11,3,0.81,4,3,2026-04-07,4,4,4,1,12,0,15,12,124,124,1,12,0,135,132,7,7,0,0,0,6,3
2026-04-06,COUCH-ROLL,Couch roll 50 m,rolls,pack of 9 rolls,97,7,0,7,7,8.97,9,1.42,0,4,2026-04-07,4,18,18,0,0,0,11,7,12,12,1,9,0,14,10,13,13,0,0,0,6,2
2026-04-06,GLOVES-M,"Nitrile gloves, size M",boxes,carton of 10 boxes,97,0,0,0,0,1.52,2,0.81,3,3,2026-04-07,4,8,8,0,0,0,8,5,108,108,1,10,0,118,115,8,8,0,0,0,8,5
2026-04-06,DISINF-WIPES,Surface disinfectant wipes,tubs,case of 6 tubs,97,7,0,7,7,3.33,4,,3,2,2026-04-07,4,4,4,1,6,0,3,1,28,28,1,6,0,27,25,4,4,1,6,0,3,1
2026-04-06,HAND-SAN,Hand sanitiser 500 ml,bottles,case of 10 bottles,97,0,0,0,0,1.42,2,,5,2,2026-04-07,4,8,6,0,0,0,8,6,88,86,1,10,0,98,96,8,6,1,10,0,18,16
2026-04-06,PAPER-TOWELS,Paper hand towels,bundles,carton of 20 bundles,97,5,0,5,5,9.74,10,,7,4,2026-04-07,4,5,5,1,20,0,20,16,145,145,1,20,0,160,156,16,16,0,0,0,11,7
2026-04-06,ELECTRODES,Electrode pads 5 x 5 cm,bags,box of 5 bags,97,3,0,3,3,2.54,3,1.27,6,2,2026-04-08,4,2,2,1,5,0,4,2,57,57,2,10,0,64,62,6,6,1,5,0,8,6
2026-04-13,KT-TAPE,Kinesiology tape 5 cm x 5 m,rolls,box of 6 rolls,113,11,0,11,11,5.73,6,0.83,4,3,2026-04-13,5,5,5,1,6,0,0,0,17,17,1,6,0,12,9,7,7,0,0,4,0,0
2026-04-13,RIGID-TAPE,Rigid sports tape 3.8 cm,rolls,box of 12 rolls,113,8,0,8,8,6.67,7,1.01,4,4,2026-04-13,5,7,7,1,12,0,11,7,91,91,1,12,0,95,91,9,9,0,0,0,1,0
2026-04-13,LOTION,Massage lotion 1 l,bottles,bottle,113,2,0,2,2,1.91,2,0.95,3,1,2026-04-13,5,0,0,3,3,0,1,0,8,8,2,2,0,8,7,0,0,4,4,0,2,1
2026-04-13,COLD-PACK,Instant cold pack,cold packs,box of 24 cold packs,113,5,0,5,5,4.32,5,1.31,0,6,2026-04-13,5,33,33,0,0,0,28,22,297,297,1,24,0,316,310,10,10,0,0,0,5,0
2026-04-13,US-GEL,Ultrasound gel 250 ml,bottles,case of 12 bottles,113,0,0,0,0,2.19,3,0.86,1,3,2026-04-14,5,15,15,0,0,0,15,12,135,135,1,12,0,147,144,6,6,0,0,0,6,3
2026-04-13,COUCH-ROLL,Couch roll 50 m,rolls,pack of 9 rolls,113,9,0,9,9,9.38,10,1.31,7,4,2026-04-14,5,11,11,1,9,0,11,7,14,14,1,9,0,14,10,6,6,1,9,0,6,2
2026-04-13,GLOVES-M,"Nitrile gloves, size M",boxes,carton of 10 boxes,113,1,0,1,1,1.89,2,1.06,0,3,2026-04-14,5,8,8,0,0,0,7,4,118,118,1,10,0,127,124,8,8,0,0,0,7,4
2026-04-13,DISINF-WIPES,Surface disinfectant wipes,tubs,case of 6 tubs,113,7,0,7,7,3.48,4,,7,2,2026-04-14,5,3,3,1,6,0,2,0,27,27,1,6,0,26,24,3,3,1,6,0,2,0
2026-04-13,HAND-SAN,Hand sanitiser 500 ml,bottles,case of 10 bottles,113,1,0,1,1,2.32,3,,0,2,2026-04-14,5,8,8,0,0,0,7,5,98,98,1,10,0,107,105,18,18,0,0,0,17,15
2026-04-13,PAPER-TOWELS,Paper hand towels,bundles,carton of 20 bundles,113,6,0,6,6,11.6,12,,5,4,2026-04-14,5,20,20,0,0,0,14,10,160,160,1,20,0,174,170,11,11,0,0,0,5,1
2026-04-13,ELECTRODES,Electrode pads 5 x 5 cm,bags,box of 5 bags,113,6,0,6,6,9.1,10,1.3,3,2,2026-04-15,5,4,4,2,10,0,8,6,64,64,2,10,0,68,66,8,8,0,0,0,2,0
2026-04-20,KT-TAPE,Kinesiology tape 5 cm x 5 m,rolls,box of 6 rolls,138,7,0,7,7,8.89,9,0.88,11,3,2026-04-20,5,0,0,2,12,0,5,2,12,12,1,6,0,11,8,0,0,3,18,0,11,8
2026-04-20,RIGID-TAPE,Rigid sports tape 3.8 cm,rolls,box of 12 rolls,138,5,0,5,5,7.41,8,0.95,8,4,2026-04-20,5,11,11,1,12,0,18,14,95,95,1,12,0,102,98,1,1,1,12,0,8,4
2026-04-20,LOTION,Massage lotion 1 l,bottles,bottle,138,3,0,3,3,3.0,3,1.22,2,1,2026-04-20,5,1,1,3,3,0,1,0,8,8,2,2,0,7,6,2,2,1,1,0,0,0
2026-04-20,COLD-PACK,Instant cold pack,cold packs,box of 24 cold packs,138,7,0,7,7,4.84,5,1.24,5,6,2026-04-20,5,28,28,0,0,0,21,15,316,316,1,24,0,333,327,5,5,1,24,0,22,16
2026-04-20,US-GEL,Ultrasound gel 250 ml,bottles,case of 12 bottles,138,4,0,4,4,2.35,3,0.81,0,3,2026-04-21,5,15,15,0,0,0,11,8,147,147,1,12,0,155,152,6,6,0,0,0,2,0
2026-04-20,COUCH-ROLL,Couch roll 50 m,rolls,pack of 9 rolls,138,9,0,9,9,11.44,12,1.28,9,4,2026-04-21,5,11,11,1,9,0,11,7,14,14,1,9,0,14,10,6,6,1,9,0,6,2
2026-04-20,GLOVES-M,"Nitrile gloves, size M",boxes,carton of 10 boxes,138,2,0,2,2,2.6,3,1.04,1,3,2026-04-21,5,7,7,0,0,0,5,2,127,127,1,10,0,135,132,7,7,0,0,0,5,2
2026-04-20,DISINF-WIPES,Surface disinfectant wipes,tubs,case of 6 tubs,138,3,0,3,3,6.32,7,,7,2,2026-04-21,5,2,2,2,12,0,11,9,26,26,1,6,0,29,27,2,2,2,12,0,11,9
2026-04-20,HAND-SAN,Hand sanitiser 500 ml,bottles,case of 10 bottles,138,5,0,5,5,2.37,3,,1,2,2026-04-21,5,7,7,0,0,0,2,0,107,107,1,10,0,112,110,17,17,0,0,0,12,10
2026-04-20,PAPER-TOWELS,Paper hand towels,bundles,carton of 20 bundles,138,9,0,9,9,12.25,13,,6,4,2026-04-21,5,14,14,1,20,0,25,21,174,174,1,20,0,185,181,5,5,1,20,0,16,12
2026-04-20,ELECTRODES,Electrode pads 5 x 5 cm,bags,box of 5 bags,138,3,0,3,4,4.8,5,1.37,6,2,2026-04-22,5,8,8,0,0,0,5,3,68,68,2,10,0,75,73,2,2,2,10,0,9,7
2026-04-27,KT-TAPE,Kinesiology tape 5 cm x 5 m,rolls,box of 6 rolls,100,7,0,7,7,8.71,9,0.99,7,3,2026-04-27,4,5,5,2,12,0,10,7,11,11,1,6,0,10,7,11,11,0,0,0,4,1
2026-04-27,RIGID-TAPE,Rigid sports tape 3.8 cm,rolls,box of 12 rolls,100,5,0,5,5,7.98,8,0.95,5,4,2026-04-27,4,18,18,0,0,0,13,9,102,102,1,12,0,109,105,8,8,1,12,0,15,11
2026-04-27,LOTION,Massage lotion 1 l,bottles,bottle,100,3,0,3,3,1.6,2,1.21,3,1,2026-04-27,4,1,1,2,2,0,0,0,7,7,2,2,0,6,5,0,0,4,4,0,1,0
2026-04-27,COLD-PACK,Instant cold pack,cold packs,box of 24 cold packs,100,2,0,2,2,5.8,6,1.38,7,6,2026-04-27,4,21,21,0,0,0,19,13,333,333,1,24,0,355,349,22,22,0,0,0,20,14
2026-04-27,US-GEL,Ultrasound gel 250 ml,bottles,case of 12 bottles,100,3,0,3,3,1.84,2,0.8,4,3,2026-04-28,4,11,11,0,0,0,8,5,155,155,1,12,0,164,161,2,2,1,12,0,11,8
2026-04-27,COUCH-ROLL,Couch roll 50 m,rolls,pack of 9 rolls,100,5,0,5,5,7.96,8,1.26,9,4,2026-04-28,4,11,11,1,9,0,15,11,14,14,1,9,0,18,14,6,6,1,9,0,10,6
2026-04-27,GLOVES-M,"Nitrile gloves, size M",boxes,carton of 10 boxes,100,2,0,2,2,2.05,3,1.09,2,3,2026-04-28,4,5,5,1,10,0,13,10,135,135,1,10,0,143,140,5,5,0,0,0,3,0
2026-04-27,DISINF-WIPES,Surface disinfectant wipes,tubs,case of 6 tubs,100,2,0,2,3,5.23,6,,3,2,2026-04-28,4,11,11,0,0,0,9,7,29,29,1,6,0,33,31,11,11,0,0,0,9,7
2026-04-27,HAND-SAN,Hand sanitiser 500 ml,bottles,case of 10 bottles,100,5,0,5,5,1.93,2,,5,2,2026-04-28,4,2,2,1,10,0,7,5,112,112,1,10,0,117,115,12,12,0,0,0,7,5
2026-04-27,PAPER-TOWELS,Paper hand towels,bundles,carton of 20 bundles,100,13,0,13,13,8.53,9,,9,4,2026-04-28,4,25,25,0,0,0,12,8,185,185,1,20,0,192,188,16,16,0,0,0,3,0
2026-04-27,ELECTRODES,Electrode pads 5 x 5 cm,bags,box of 5 bags,100,1,0,1,0,2.48,3,1.24,4,2,2026-04-29,4,5,4,1,5,0,9,7,75,74,2,10,0,84,82,9,8,0,0,0,8,6
2026-05-04,KT-TAPE,Kinesiology tape 5 cm x 5 m,rolls,box of 6 rolls,116,5,0,5,5,9.39,10,0.93,7,3,2026-05-04,5,10,10,1,6,0,11,8,10,10,1,6,0,11,8,4,4,1,6,0,5,2
2026-05-04,RIGID-TAPE,Rigid sports tape 3.8 cm,rolls,box of 12 rolls,116,11,0,11,11,7.83,8,0.87,5,4,2026-05-04,5,13,13,0,0,0,2,0,109,109,1,12,0,110,106,15,15,0,0,0,4,0
2026-05-04,LOTION,Massage lotion 1 l,bottles,bottle,116,2,0,2,2,1.9,2,1.09,3,1,2026-05-04,5,0,0,3,3,0,1,0,6,6,2,2,0,6,5,1,1,3,3,0,2,1
2026-05-04,COLD-PACK,Instant cold pack,cold packs,box of 24 cold packs,116,4,0,4,4,5.22,6,1.16,2,6,2026-05-04,5,19,19,0,0,0,15,9,355,355,1,24,0,375,369,20,20,0,0,0,16,10
2026-05-04,US-GEL,Ultrasound gel 250 ml,bottles,case of 12 bottles,116,3,0,3,3,2.88,3,0.81,3,3,2026-05-05,5,8,8,0,0,0,5,2,164,164,1,12,0,173,170,11,11,0,0,0,8,5
2026-05-04,COUCH-ROLL,Couch roll 50 m,rolls,pack of 9 rolls,116,8,0,8,8,9.03,10,1.22,5,4,2026-05-05,5,15,15,0,0,0,7,3,18,18,1,9,0,19,15,10,10,0,0,0,2,0
2026-05-04,GLOVES-M,"Nitrile gloves, size M",boxes,carton of 10 boxes,116,2,0,2,2,2.16,3,1.06,2,3,2026-05-05,5,13,13,0,0,0,11,8,143,143,1,10,0,151,148,3,3,1,10,0,11,8
2026-05-04,DISINF-WIPES,Surface disinfectant wipes,tubs,case of 6 tubs,116,4,0,4,3,5.75,6,,3,2,2026-05-05,5,9,8,0,0,0,5,3,33,32,1,6,0,35,33,9,8,0,0,0,5,3
2026-05-04,HAND-SAN,Hand sanitiser 500 ml,bottles,case of 10 bottles,116,3,0,3,3,3.16,4,,5,2,2026-05-05,5,7,7,0,0,0,4,2,117,117,1,10,0,124,122,7,7,0,0,0,4,2
2026-05-04,PAPER-TOWELS,Paper hand towels,bundles,carton of 20 bundles,116,11,0,11,11,7.76,8,,13,4,2026-05-05,5,12,12,0,0,0,1,0,192,192,1,20,0,201,197,3,3,1,20,0,12,8
2026-05-04,ELECTRODES,Electrode pads 5 x 5 cm,bags,box of 5 bags,116,4,0,4,4,4.91,5,1.09,0,2,2026-05-06,5,9,9,0,0,0,5,3,84,84,2,10,0,90,88,8,8,0,0,0,4,2
2026-05-11,KT-TAPE,Kinesiology tape 5 cm x 5 m,rolls,box of 6 rolls,90,6,0,6,6,4.98,5,0.94,5,3,2026-05-11,4,11,11,0,0,0,5,2,11,11,1,6,0,11,8,5,5,1,6,0,5,2
2026-05-11,RIGID-TAPE,Rigid sports tape 3.8 cm,rolls,box of 12 rolls,90,3,0,3,3,4.32,5,0.8,11,4,2026-05-11,4,2,2,1,12,0,11,7,110,110,1,12,0,119,115,4,4,1,12,0,13,9
2026-05-11,LOTION,Massage lotion 1 l,bottles,bottle,90,3,0,3,3,1.18,2,1.27,2,1,2026-05-11,4,1,1,2,2,0,0,0,6,6,2,2,0,5,4,2,2,1,1,0,0,0
2026-05-11,COLD-PACK,Instant cold pack,cold packs,box of 24 cold packs,90,3,0,3,3,2.59,3,0.96,4,6,2026-05-11,4,15,15,0,0,0,12,6,375,375,1,24,0,396,390,16,16,0,0,0,13,7
2026-05-11,US-GEL,Ultrasound gel 250 ml,bottles,case of 12 bottles,90,0,0,0,0,2.22,3,0.87,3,3,2026-05-12,4,5,5,1,12,0,17,14,173,173,1,12,0,185,182,8,8,0,0,0,8,5
2026-05-11,COUCH-ROLL,Couch roll 50 m,rolls,pack of 9 rolls,90,5,0,5,5,6.59,7,1.19,8,4,2026-05-12,4,7,7,1,9,0,11,7,19,19,1,9,0,23,19,2,2,2,18,0,15,11
2026-05-11,GLOVES-M,"Nitrile gloves, size M",boxes,carton of 10 boxes,90,1,0,1,3,1.59,2,1.06,2,3,2026-05-12,4,11,11,0,0,0,10,7,151,151,1,10,0,160,157,11,11,0,0,0,10,7
2026-05-11,DISINF-WIPES,Surface disinfectant wipes,tubs,case of 6 tubs,90,4,0,4,4,4.35,5,,3,2,2026-05-12,4,5,5,1,6,0,7,5,35,35,1,6,0,37,35,5,5,0,0,0,1,0
2026-05-11,HAND-SAN,Hand sanitiser 500 ml,bottles,case of 10 bottles,90,3,0,3,3,2.39,3,,3,2,2026-05-12,4,4,4,1,10,0,11,9,124,124,1,10,0,131,129,4,4,1,10,0,11,9
2026-05-11,PAPER-TOWELS,Paper hand towels,bundles,carton of 20 bundles,90,6,0,6,8,7.18,8,,11,4,2026-05-12,4,1,1,1,20,1,16,12,201,201,1,20,0,215,211,12,12,1,20,0,26,22
2026-05-11,ELECTRODES,Electrode pads 5 x 5 cm,bags,box of 5 bags,90,5,0,5,5,4.56,5,0.83,4,2,2026-05-13,4,5,5,1,5,0,5,3,90,90,2,10,0,95,93,4,4,1,5,0,4,2
2026-05-18,KT-TAPE,Kinesiology tape 5 cm x 5 m,rolls,box of 6 rolls,125,12,0,12,12,8.83,9,0.91,6,3,2026-05-18,5,5,5,2,12,0,5,2,11,11,1,6,0,5,2,5,5,1,6,1,0,0
2026-05-18,RIGID-TAPE,Rigid sports tape 3.8 cm,rolls,box of 12 rolls,125,16,0,16,16,6.86,7,0.88,3,4,2026-05-18,5,11,11,0,0,5,0,0,119,119,1,12,0,115,111,13,13,0,0,3,0,0
2026-05-18,LOTION,Massage lotion 1 l,bottles,bottle,125,4,0,4,4,1.96,2,1.19,3,1,2026-05-18,5,0,0,3,3,1,0,0,5,5,2,2,0,3,2,0,0,4,4,0,0,0
2026-05-18,COLD-PACK,Instant cold pack,cold packs,box of 24 cold packs,125,5,0,5,5,3.82,4,0.98,3,6,2026-05-18,5,12,12,0,0,0,7,1,396,396,1,24,0,415,409,13,13,0,0,0,8,2
2026-05-18,US-GEL,Ultrasound gel 250 ml,bottles,case of 12 bottles,125,2,0,2,2,2.99,3,0.83,0,3,2026-05-19,5,17,17,0,0,0,15,12,185,185,1,12,0,195,192,8,8,0,0,0,6,3
2026-05-18,COUCH-ROLL,Couch roll 50 m,rolls,pack of 9 rolls,125,7,0,7,7,8.58,9,1.07,5,4,2026-05-19,5,11,11,1,9,0,13,9,23,23,1,9,0,25,21,15,15,0,0,0,8,4
2026-05-18,GLOVES-M,"Nitrile gloves, size M",boxes,carton of 10 boxes,125,2,0,2,0,2.5,3,1.07,3,3,2026-05-19,5,10,8,0,0,0,8,5,160,158,1,10,0,168,165,10,8,0,0,0,8,5
2026-05-18,DISINF-WIPES,Surface disinfectant wipes,tubs,case of 6 tubs,125,4,0,4,4,4.36,5,,4,2,2026-05-19,5,7,7,0,0,0,3,1,37,37,1,6,0,39,37,1,1,1,6,0,3,1
2026-05-18,HAND-SAN,Hand sanitiser 500 ml,bottles,case of 10 bottles,125,6,0,6,6,3.82,4,,3,2,2026-05-19,5,11,11,0,0,0,5,3,131,131,1,10,0,135,133,11,11,0,0,0,5,3
2026-05-18,PAPER-TOWELS,Paper hand towels,bundles,carton of 20 bundles,125,13,0,13,11,10.63,11,,8,4,2026-05-19,5,16,14,1,20,0,23,19,215,213,1,20,0,222,218,26,24,0,0,0,13,9
2026-05-18,ELECTRODES,Electrode pads 5 x 5 cm,bags,box of 5 bags,125,4,0,4,4,4.35,5,0.87,5,2,2026-05-20,5,5,5,1,5,0,6,4,95,95,2,10,0,101,99,4,4,1,5,0,5,3
2026-05-25,KT-TAPE,Kinesiology tape 5 cm x 5 m,rolls,box of 6 rolls,78,14,0,14,14,6.09,7,0.87,12,3,2026-05-26,4,5,5,1,6,3,0,0,5,5,1,6,3,0,0,0,0,3,18,0,4,1
2026-05-25,RIGID-TAPE,Rigid sports tape 3.8 cm,rolls,box of 12 rolls,78,9,7,16,16,4.08,5,0.85,16,4,2026-05-26,4,0,0,1,12,0,0,0,115,115,1,12,0,111,107,0,0,2,24,0,8,4
2026-05-25,LOTION,Massage lotion 1 l,bottles,bottle,78,1,0,1,1,0.79,1,1.32,4,1,2026-05-26,4,0,0,2,2,0,1,0,3,3,2,2,0,4,3,0,0,5,5,0,4,3
2026-05-25,COLD-PACK,Instant cold pack,cold packs,box of 24 cold packs,78,4,0,4,4,2.47,3,1.03,5,6,2026-05-26,4,7,7,1,24,0,27,21,415,415,1,24,0,435,429,8,8,1,24,0,28,22
2026-05-25,US-GEL,Ultrasound gel 250 ml,bottles,case of 12 bottles,78,4,0,4,4,2.08,3,0.8,2,3,2026-05-26,4,15,15,0,0,0,11,8,195,195,1,12,0,203,200,6,6,0,0,0,2,0
2026-05-25,COUCH-ROLL,Couch roll 50 m,rolls,pack of 9 rolls,78,2,0,2,2,5.17,6,1.03,7,4,2026-05-26,4,13,13,0,0,0,11,7,25,25,1,9,0,32,28,8,8,1,9,0,15,11
2026-05-25,GLOVES-M,"Nitrile gloves, size M",boxes,carton of 10 boxes,78,2,0,2,2,2.0,2,1.16,0,3,2026-05-26,4,8,8,0,0,0,6,3,168,168,1,10,0,176,173,8,8,0,0,0,6,3
2026-05-25,DISINF-WIPES,Surface disinfectant wipes,tubs,case of 6 tubs,78,3,0,3,3,2.37,3,,4,2,2026-05-26,4,3,3,1,6,0,6,4,39,39,1,6,0,42,40,3,3,1,6,0,6,4
2026-05-25,HAND-SAN,Hand sanitiser 500 ml,bottles,case of 10 bottles,78,2,0,2,2,2.92,3,,6,2,2026-05-26,4,5,5,0,0,0,3,1,135,135,1,10,0,143,141,5,5,1,10,0,13,11
2026-05-25,PAPER-TOWELS,Paper hand towels,bundles,carton of 20 bundles,78,0,0,0,0,7.48,8,,11,4,2026-05-26,4,23,23,0,0,0,23,19,222,222,1,20,0,242,238,13,13,1,20,0,33,29
2026-05-25,ELECTRODES,Electrode pads 5 x 5 cm,bags,box of 5 bags,78,2,0,2,2,2.48,3,0.99,4,2,2026-05-27,4,6,6,0,0,0,4,2,101,101,2,10,0,109,107,5,5,1,5,0,8,6
2026-06-01,KT-TAPE,Kinesiology tape 5 cm x 5 m,rolls,box of 6 rolls,106,6,0,6,6,7.64,8,0.98,14,3,2026-06-01,5,0,0,2,12,0,6,3,0,0,1,6,0,0,0,4,4,3,18,0,16,13
2026-06-01,RIGID-TAPE,Rigid sports tape 3.8 cm,rolls,box of 12 rolls,106,7,0,7,7,8.06,9,1.12,16,4,2026-06-01,5,0,0,2,24,0,17,13,111,111,1,12,0,116,112,8,8,1,12,0,13,9
2026-06-01,LOTION,Massage lotion 1 l,bottles,bottle,106,2,0,2,2,1.62,2,1.5,1,1,2026-06-01,5,1,1,2,2,0,1,0,4,4,2,2,0,4,3,4,4,0,0,0,2,1
2026-06-01,COLD-PACK,Instant cold pack,cold packs,box of 24 cold packs,106,2,0,2,2,3.82,4,1.06,4,6,2026-06-01,5,27,27,0,0,0,25,19,435,435,1,24,0,457,451,28,28,0,0,0,26,20
2026-06-01,US-GEL,Ultrasound gel 250 ml,bottles,case of 12 bottles,106,2,0,2,2,2.36,3,0.8,4,3,2026-06-02,5,11,11,0,0,0,9,6,203,203,1,12,0,213,210,2,2,1,12,0,12,9
2026-06-01,COUCH-ROLL,Couch roll 50 m,rolls,pack of 9 rolls,106,8,0,8,8,6.31,7,0.95,2,4,2026-06-02,5,11,11,0,0,0,3,0,32,32,1,9,0,33,29,15,15,0,0,0,7,3
2026-06-01,GLOVES-M,"Nitrile gloves, size M",boxes,carton of 10 boxes,106,3,0,3,3,1.67,2,0.9,2,3,2026-06-02,5,6,6,0,0,0,3,0,176,176,1,10,0,183,180,6,6,0,0,0,3,0
2026-06-01,DISINF-WIPES,Surface disinfectant wipes,tubs,case of 6 tubs,106,4,0,4,4,3.54,4,,3,2,2026-06-02,5,6,6,0,0,0,2,0,42,42,1,6,0,44,42,6,6,0,0,0,2,0
2026-06-01,HAND-SAN,Hand sanitiser 500 ml,bottles,case of 10 bottles,106,1,0,1,1,4.29,5,,2,2,2026-06-02,5,3,3,1,10,0,12,10,143,143,1,10,0,152,150,13,13,0,0,0,12,10
2026-06-01,PAPER-TOWELS,Paper hand towels,bundles,carton of 20 bundles,106,11,0,11,11,10.86,11,,0,4,2026-06-02,5,23,23,0,0,0,12,8,242,242,1,20,0,251,247,33,33,0,0,0,22,18
2026-06-01,ELECTRODES,Electrode pads 5 x 5 cm,bags,box of 5 bags,106,6,0,6,6,6.63,7,1.02,2,2,2026-06-03,5,4,4,1,5,0,3,1,109,109,2,10,0,113,111,8,8,0,0,0,2,0
2026-06-08,KT-TAPE,Kinesiology tape 5 cm x 5 m,rolls,box of 6 rolls,122,11,0,11,11,9.52,10,1.07,6,3,2026-06-08,5,6,6,2,12,0,7,4,0,0,1,6,5,0,0,16,16,0,0,0,5,2
2026-06-08,RIGID-TAPE,Rigid sports tape 3.8 cm,rolls,box of 12 rolls,122,10,0,10,10,10.14,11,1.3,7,4,2026-06-08,5,17,17,0,0,0,7,3,116,116,1,12,0,118,114,13,13,0,0,0,3,0
2026-06-08,LOTION,Massage lotion 1 l,bottles,bottle,122,0,0,0,0,2.3,3,1.5,2,1,2026-06-08,5,1,1,3,3,0,4,3,4,4,2,2,0,6,5,2,2,1,1,0,3,2
2026-06-08,COLD-PACK,Instant cold pack,cold packs,box of 24 cold packs,122,4,0,4,4,4.48,5,1.15,2,6,2026-06-08,5,25,25,0,0,0,21,15,457,457,1,24,0,477,471,26,26,0,0,0,22,16
2026-06-08,US-GEL,Ultrasound gel 250 ml,bottles,case of 12 bottles,122,0,0,0,1,1.84,2,0.8,2,3,2026-06-09,5,9,9,0,0,0,9,6,213,213,1,12,0,225,222,12,12,0,0,0,12,9
2026-06-08,COUCH-ROLL,Couch roll 50 m,rolls,pack of 9 rolls,122,5,0,5,5,7.72,8,1.0,8,4,2026-06-09,5,3,3,1,9,0,7,3,33,33,1,9,0,37,33,7,7,1,9,0,11,7
2026-06-08,GLOVES-M,"Nitrile gloves, size M",boxes,carton of 10 boxes,122,1,0,1,1,1.85,2,0.82,3,3,2026-06-09,5,3,3,1,10,0,12,9,183,183,1,10,0,192,189,3,3,1,10,0,12,9
2026-06-08,DISINF-WIPES,Surface disinfectant wipes,tubs,case of 6 tubs,122,5,0,5,5,4.2,5,,4,2,2026-06-09,5,2,2,1,6,0,3,1,44,44,1,6,0,45,43,2,2,1,6,0,3,1
2026-06-08,HAND-SAN,Hand sanitiser 500 ml,bottles,case of 10 bottles,122,6,3,9,9,4.2,5,,1,2,2026-06-09,5,12,12,0,0,0,3,1,152,152,1,10,0,153,151,12,12,0,0,0,3,1
2026-06-08,PAPER-TOWELS,Paper hand towels,bundles,carton of 20 bundles,122,8,0,8,8,9.0,9,,11,4,2026-06-09,5,12,12,1,20,0,24,20,251,251,1,20,0,263,259,22,22,0,0,0,14,10
2026-06-08,ELECTRODES,Electrode pads 5 x 5 cm,bags,box of 5 bags,122,0,0,0,0,4.05,5,0.9,6,2,2026-06-10,5,3,3,1,5,0,8,6,113,113,2,10,0,123,121,2,2,2,10,0,12,10
2026-06-15,KT-TAPE,Kinesiology tape 5 cm x 5 m,rolls,box of 6 rolls,133,8,0,8,8,12.3,13,1.06,11,3,2026-06-15,5,7,7,2,12,0,11,8,0,0,1,6,2,0,0,5,5,2,12,0,9,6
2026-06-15,RIGID-TAPE,Rigid sports tape 3.8 cm,rolls,box of 12 rolls,133,7,0,7,7,13.72,14,1.27,10,4,2026-06-15,5,7,7,1,12,0,12,8,118,118,1,12,0,123,119,3,3,1,12,0,8,4
2026-06-15,LOTION,Massage lotion 1 l,bottles,bottle,133,1,0,1,1,2.47,3,1.5,0,1,2026-06-15,5,4,4,0,0,0,3,2,6,6,2,2,0,7,6,3,3,0,0,0,2,1
2026-06-15,COLD-PACK,Instant cold pack,cold packs,box of 24 cold packs,133,10,0,10,10,6.21,7,1.15,4,6,2026-06-15,5,21,21,0,0,0,11,5,477,477,1,24,0,491,485,22,22,0,0,0,12,6
2026-06-15,US-GEL,Ultrasound gel 250 ml,bottles,case of 12 bottles,133,6,0,6,5,3.6,4,0.8,1,3,2026-06-16,5,9,8,0,0,0,3,0,225,224,1,12,0,231,228,12,11,0,0,0,6,3
2026-06-15,COUCH-ROLL,Couch roll 50 m,rolls,pack of 9 rolls,133,4,0,4,4,8.29,9,0.98,5,4,2026-06-16,5,7,7,1,9,0,12,8,37,37,1,9,0,42,38,11,11,0,0,0,7,3
2026-06-15,GLOVES-M,"Nitrile gloves, size M",boxes,carton of 10 boxes,133,3,0,3,3,2.42,3,0.99,1,3,2026-06-16,5,12,12,0,0,0,9,6,192,192,1,10,0,199,196,12,12,0,0,0,9,6
2026-06-15,DISINF-WIPES,Surface disinfectant wipes,tubs,case of 6 tubs,133,4,0,4,4,5.1,6,,5,2,2026-06-16,5,3,3,1,6,0,5,3,45,45,1,6,0,47,45,3,3,1,6,0,5,3
2026-06-15,HAND-SAN,Hand sanitiser 500 ml,bottles,case of 10 bottles,133,2,0,2,2,4.08,5,,9,2,2026-06-16,5,3,3,1,10,0,11,9,153,153,1,10,0,161,159,3,3,1,10,0,11,9
2026-06-15,PAPER-TOWELS,Paper hand towels,bundles,carton of 20 bundles,133,15,0,15,15,10.2,11,,8,4,2026-06-16,5,24,24,0,0,0,9,5,263,263,1,20,0,268,264,14,14,0,0,1,0,0
2026-06-15,ELECTRODES,Electrode pads 5 x 5 cm,bags,box of 5 bags,133,10,0,10,10,3.48,4,0.87,0,2,2026-06-17,5,8,8,0,0,2,0,0,123,123,2,10,0,123,121,12,12,0,0,0,2,0
2026-06-22,KT-TAPE,Kinesiology tape 5 cm x 5 m,rolls,box of 6 rolls,148,20,0,20,20,18.13,19,1.03,8,3,2026-06-22,5,11,11,2,12,0,3,0,0,0,1,6,14,0,0,9,9,1,6,5,0,0
2026-06-22,RIGID-TAPE,Rigid sports tape 3.8 cm,rolls,box of 12 rolls,148,26,0,26,26,21.5,22,1.28,7,4,2026-06-22,5,12,12,2,24,0,10,6,123,123,1,12,0,109,105,8,8,1,12,6,0,0
2026-06-22,LOTION,Massage lotion 1 l,bottles,bottle,148,2,0,2,2,2.88,3,1.5,1,1,2026-06-22,5,3,3,1,1,0,2,1,7,7,2,2,0,7,6,2,2,0,0,0,0,0
2026-06-22,COLD-PACK,Instant cold pack,cold packs,box of 24 cold packs,148,12,0,12,12,9.16,10,1.09,10,6,2026-06-22,5,11,11,1,24,0,23,17,491,491,1,24,0,503,497,12,12,1,24,0,24,18
2026-06-22,US-GEL,Ultrasound gel 250 ml,bottles,case of 12 bottles,148,6,0,6,6,2.6,3,0.84,5,3,2026-06-23,5,3,3,1,12,0,9,6,231,231,1,12,0,237,234,6,6,1,12,0,12,9
2026-06-22,COUCH-ROLL,Couch roll 50 m,rolls,pack of 9 rolls,148,9,0,9,9,8.5,9,0.9,4,4,2026-06-23,5,12,12,1,9,0,12,8,42,42,1,9,0,42,38,7,7,1,9,0,7,3
2026-06-22,GLOVES-M,"Nitrile gloves, size M",boxes,carton of 10 boxes,148,1,0,1,1,2.82,3,0.96,3,3,2026-06-23,5,9,9,0,0,0,8,5,199,199,1,10,0,208,205,9,9,0,0,0,8,5
2026-06-22,DISINF-WIPES,Surface disinfectant wipes,tubs,case of 6 tubs,148,3,0,3,3,5.52,6,,4,2,2026-06-23,5,5,5,1,6,0,8,6,47,47,1,6,0,50,48,5,5,1,6,0,8,6
2026-06-22,HAND-SAN,Hand sanitiser 500 ml,bottles,case of 10 bottles,148,2,0,2,2,6.21,7,,2,2,2026-06-23,5,11,11,0,0,0,9,7,161,161,1,10,0,169,167,11,11,0,0,0,9,7
2026-06-22,PAPER-TOWELS,Paper hand towels,bundles,carton of 20 bundles,148,10,0,10,10,10.35,11,,15,4,2026-06-23,5,9,9,1,20,0,19,15,268,268,1,20,0,278,274,0,0,1,20,2,12,8
2026-06-22,ELECTRODES,Electrode pads 5 x 5 cm,bags,box of 5 bags,148,8,0,8,8,2.8,3,0.8,10,2,2026-06-24,5,0,0,1,5,4,1,0,123,123,2,10,0,125,123,2,2,2,10,2,6,4
2026-06-29,KT-TAPE,Kinesiology tape 5 cm x 5 m,rolls,box of 6 rolls,145,14,0,14,14,16.89,17,1.03,20,3,2026-06-29,5,3,3,3,18,0,7,4,0,0,1,6,8,0,0,0,0,4,24,0,10,7
2026-06-29,RIGID-TAPE,Rigid sports tape 3.8 cm,rolls,box of 12 rolls,145,29,0,29,29,19.66,20,1.26,26,4,2026-06-29,5,10,10,2,24,0,5,1,109,109,1,12,0,92,88,0,0,3,36,0,7,3
2026-06-29,LOTION,Massage lotion 1 l,bottles,bottle,145,1,0,1,1,2.69,3,1.47,2,1,2026-06-29,5,2,2,2,2,0,3,2,7,7,2,2,0,8,7,0,0,3,3,0,2,1
2026-06-29,COLD-PACK,Instant cold pack,cold packs,box of 24 cold packs,145,7,0,7,7,8.89,9,1.14,12,6,2026-06-29,5,23,23,0,0,0,16,10,503,503,1,24,0,520,514,24,24,0,0,0,17,11
2026-06-29,US-GEL,Ultrasound gel 250 ml,bottles,case of 12 bottles,145,4,0,4,5,2.98,3,0.84,6,3,2026-06-30,5,9,9,0,0,0,5,2,237,237,1,12,0,245,242,12,12,0,0,0,8,5
2026-06-29,COUCH-ROLL,Couch roll 50 m,rolls,pack of 9 rolls,145,11,0,11,11,7.47,8,0.81,9,4,2026-06-30,5,12,12,0,0,0,1,0,42,42,1,9,0,40,36,7,7,1,9,0,5,1
2026-06-29,GLOVES-M,"Nitrile gloves, size M",boxes,carton of 10 boxes,145,1,0,1,1,2.84,3,1.02,1,3,2026-06-30,5,8,8,0,0,0,7,4,208,208,1,10,0,217,214,8,8,0,0,0,7,4
2026-06-29,DISINF-WIPES,Surface disinfectant wipes,tubs,case of 6 tubs,145,5,0,5,5,5.36,6,,3,2,2026-06-30,5,8,8,0,0,0,3,1,50,50,1,6,0,51,49,8,8,0,0,0,3,1
2026-06-29,HAND-SAN,Hand sanitiser 500 ml,bottles,case of 10 bottles,145,5,0,5,6,4.69,5,,2,2,2026-06-30,5,9,9,0,0,0,4,2,169,169,1,10,0,174,172,9,9,0,0,0,4,2
2026-06-29,PAPER-TOWELS,Paper hand towels,bundles,carton of 20 bundles,145,18,0,18,18,11.39,12,,10,4,2026-06-30,5,19,19,0,0,0,1,0,278,278,1,20,0,280,276,12,12,1,20,0,14,10
2026-06-29,ELECTRODES,Electrode pads 5 x 5 cm,bags,box of 5 bags,145,1,0,1,1,2.33,3,0.93,8,2,2026-07-01,5,1,1,1,5,0,5,3,125,125,2,10,0,134,132,6,6,1,5,0,10,8
2026-07-06,KT-TAPE,Kinesiology tape 5 cm x 5 m,rolls,box of 6 rolls,119,10,0,10,10,11.77,12,1.07,14,3,2026-07-06,5,7,7,2,12,0,9,6,0,0,1,6,4,0,0,10,10,2,12,0,12,9
2026-07-06,RIGID-TAPE,Rigid sports tape 3.8 cm,rolls,box of 12 rolls,119,6,0,6,6,11.68,12,1.39,29,4,2026-07-06,5,5,5,1,12,0,11,7,92,92,1,12,0,98,94,7,7,3,36,0,37,33
2026-07-06,LOTION,Massage lotion 1 l,bottles,bottle,119,1,0,1,1,1.73,2,1.31,1,1,2026-07-06,5,3,3,0,0,0,2,1,8,8,2,2,0,9,8,2,2,0,0,0,1,0
2026-07-06,COLD-PACK,Instant cold pack,cold packs,box of 24 cold packs,119,8,0,8,8,5.38,6,1.28,7,6,2026-07-06,5,16,16,0,0,0,8,2,520,520,1,24,0,536,530,17,17,0,0,0,9,3
2026-07-06,US-GEL,Ultrasound gel 250 ml,bottles,case of 12 bottles,119,3,0,3,0,3.58,4,0.93,5,3,2026-07-07,5,5,4,1,12,0,14,11,245,244,1,12,0,254,251,8,7,1,12,0,17,14
2026-07-06,COUCH-ROLL,Couch roll 50 m,rolls,pack of 9 rolls,119,8,0,8,8,6.34,7,0.83,11,4,2026-07-07,5,1,1,2,18,1,12,8,40,40,1,9,0,41,37,5,5,2,18,0,15,11
2026-07-06,GLOVES-M,"Nitrile gloves, size M",boxes,carton of 10 boxes,119,3,0,3,3,2.17,3,0.89,1,3,2026-07-07,5,7,7,0,0,0,4,1,217,217,1,10,0,224,221,7,7,0,0,0,4,1
2026-07-06,DISINF-WIPES,Surface disinfectant wipes,tubs,case of 6 tubs,119,1,0,1,1,3.76,4,,5,2,2026-07-07,5,3,3,1,6,0,8,6,51,51,1,6,0,56,54,3,3,1,6,0,8,6
2026-07-06,HAND-SAN,Hand sanitiser 500 ml,bottles,case of 10 bottles,119,2,0,2,1,3.29,4,,6,2,2026-07-07,5,4,3,1,10,0,12,10,174,173,1,10,0,182,180,4,3,1,10,0,12,10
2026-07-06,PAPER-TOWELS,Paper hand towels,bundles,carton of 20 bundles,119,13,0,13,13,10.34,11,,18,4,2026-07-07,5,1,1,1,20,2,10,6,280,280,1,20,0,287,283,14,14,1,20,0,21,17
2026-07-06,ELECTRODES,Electrode pads 5 x 5 cm,bags,box of 5 bags,119,2,0,2,2,3.78,4,1.08,1,2,2026-07-08,5,5,5,1,5,0,8,6,134,134,2,10,0,142,140,10,10,0,0,0,8,6
2026-07-13,KT-TAPE,Kinesiology tape 5 cm x 5 m,rolls,box of 6 rolls,102,10,0,10,10,9.72,10,1.08,10,3,2026-07-13,5,9,9,1,6,0,5,2,0,0,1,6,4,0,0,12,12,1,6,0,8,5
2026-07-13,RIGID-TAPE,Rigid sports tape 3.8 cm,rolls,box of 12 rolls,102,10,0,10,10,12.43,13,1.48,6,4,2026-07-13,5,11,11,1,12,0,13,9,98,98,1,12,0,100,96,37,37,0,0,0,27,23
2026-07-13,LOTION,Massage lotion 1 l,bottles,bottle,102,2,0,2,2,1.4,2,1.2,1,1,2026-07-13,5,2,2,1,1,0,1,0,9,9,2,2,0,9,8,1,1,1,1,0,0,0
2026-07-13,COLD-PACK,Instant cold pack,cold packs,box of 24 cold packs,102,5,0,5,5,5.12,6,1.22,8,6,2026-07-13,5,8,8,1,24,0,27,21,536,536,1,24,0,555,549,9,9,1,24,0,28,22
2026-07-13,US-GEL,Ultrasound gel 250 ml,bottles,case of 12 bottles,102,4,0,4,8,3.6,4,1.0,0,3,2026-07-14,5,14,16,0,0,0,10,7,254,256,1,12,0,262,259,17,19,0,0,0,13,10
2026-07-13,COUCH-ROLL,Couch roll 50 m,rolls,pack of 9 rolls,102,5,0,5,5,5.41,6,0.84,8,4,2026-07-14,5,12,12,0,0,0,7,3,41,41,1,9,0,45,41,15,15,0,0,0,10,6
2026-07-13,GLOVES-M,"Nitrile gloves, size M",boxes,carton of 10 boxes,102,0,0,0,0,1.5,2,0.8,3,3,2026-07-14,5,4,4,1,10,0,14,11,224,224,1,10,0,234,231,4,4,1,10,0,14,11
2026-07-13,DISINF-WIPES,Surface disinfectant wipes,tubs,case of 6 tubs,102,3,0,3,5,3.1,4,,1,2,2026-07-14,5,8,8,0,0,0,5,3,56,56,1,6,0,59,57,8,8,0,0,0,5,3
2026-07-13,HAND-SAN,Hand sanitiser 500 ml,bottles,case of 10 bottles,102,4,0,4,4,3.47,4,,1,2,2026-07-14,5,12,12,0,0,0,8,6,182,182,1,10,0,188,186,12,12,0,0,0,8,6
2026-07-13,PAPER-TOWELS,Paper hand towels,bundles,carton of 20 bundles,102,9,0,9,9,9.31,10,,13,4,2026-07-14,5,10,10,1,20,0,21,17,287,287,1,20,0,298,294,21,21,0,0,0,12,8
2026-07-13,ELECTRODES,Electrode pads 5 x 5 cm,bags,box of 5 bags,102,4,0,4,4,4.16,5,1.04,2,2,2026-07-15,5,8,8,0,0,0,4,2,142,142,2,10,0,148,146,8,8,0,0,0,4,2
2026-07-20,KT-TAPE,Kinesiology tape 5 cm x 5 m,rolls,box of 6 rolls,89,8,0,8,8,5.93,6,1.04,10,3,2026-07-20,5,5,5,1,6,0,3,0,0,0,1,6,2,0,0,8,8,1,6,0,6,3
2026-07-20,RIGID-TAPE,Rigid sports tape 3.8 cm,rolls,box of 12 rolls,89,1,0,1,1,6.13,7,1.46,10,4,2026-07-20,5,13,13,0,0,0,12,8,100,100,1,12,0,111,107,27,27,0,0,0,26,22
2026-07-20,LOTION,Massage lotion 1 l,bottles,bottle,89,0,0,0,0,1.5,2,0.98,2,1,2026-07-20,5,1,1,2,2,0,3,2,9,9,2,2,0,11,10,0,0,3,3,0,3,2
2026-07-20,COLD-PACK,Instant cold pack,cold packs,box of 24 cold packs,89,1,0,1,1,2.71,3,1.29,5,6,2026-07-20,5,27,27,0,0,0,26,20,555,555,1,24,0,578,572,28,28,0,0,0,27,21
2026-07-20,US-GEL,Ultrasound gel 250 ml,bottles,case of 12 bottles,89,0,0,0,0,1.89,2,0.92,8,3,2026-07-21,5,10,8,0,0,0,10,7,262,260,1,12,0,274,271,13,11,0,0,0,13,10
2026-07-20,COUCH-ROLL,Couch roll 50 m,rolls,pack of 9 rolls,89,7,0,7,7,4.9,5,0.85,5,4,2026-07-21,5,7,7,1,9,0,9,5,45,45,1,9,0,47,43,10,10,0,0,0,3,0
2026-07-20,GLOVES-M,"Nitrile gloves, size M",boxes,carton of 10 boxes,89,0,1,1,1,1.3,2,0.8,0,3,2026-07-21,5,14,14,0,0,0,13,10,234,234,1,10,0,243,240,14,14,0,0,0,13,10
2026-07-20,DISINF-WIPES,Surface disinfectant wipes,tubs,case of 6 tubs,89,7,0,7,5,2.05,3,,5,2,2026-07-21,5,5,3,1,6,0,4,2,59,57,1,6,0,58,56,5,3,1,6,0,4,2
2026-07-20,HAND-SAN,Hand sanitiser 500 ml,bottles,case of 10 bottles,89,0,0,0,0,1.73,2,,4,2,2026-07-21,5,8,8,0,0,0,8,6,188,188,1,10,0,198,196,8,8,0,0,0,8,6
2026-07-20,PAPER-TOWELS,Paper hand towels,bundles,carton of 20 bundles,89,11,0,11,11,8.82,9,,9,4,2026-07-21,5,21,21,0,0,0,10,6,298,298,1,20,0,307,303,12,12,1,20,0,21,17
2026-07-20,ELECTRODES,Electrode pads 5 x 5 cm,bags,box of 5 bags,89,4,0,4,4,2.82,3,0.94,4,2,2026-07-22,5,4,4,1,5,0,5,3,148,148,2,10,0,154,152,4,4,1,5,0,5,3
2026-07-27,KT-TAPE,Kinesiology tape 5 cm x 5 m,rolls,box of 6 rolls,94,13,0,13,13,9.69,10,1.02,8,3,2026-07-27,5,3,3,2,12,0,2,0,0,0,1,6,7,0,0,6,6,1,6,1,0,0
2026-07-27,RIGID-TAPE,Rigid sports tape 3.8 cm,rolls,box of 12 rolls,94,8,0,8,8,12.24,13,1.36,1,4,2026-07-27,5,12,12,1,12,0,16,12,111,111,1,12,0,115,111,26,26,0,0,0,18,14
2026-07-27,LOTION,Massage lotion 1 l,bottles,bottle,94,1,0,1,1,1.41,2,0.87,0,1,2026-07-27,5,3,3,0,0,0,2,1,11,11,2,2,0,12,11,3,3,0,0,0,2,1
2026-07-27,COLD-PACK,Instant cold pack,cold packs,box of 24 cold packs,94,3,0,3,3,5.72,6,1.27,1,6,2026-07-27,5,26,26,0,0,0,23,17,578,578,1,24,0,599,593,27,27,0,0,0,24,18
2026-07-27,US-GEL,Ultrasound gel 250 ml,bottles,case of 12 bottles,94,2,0,2,2,2.51,3,1.14,0,3,2026-07-28,5,10,10,0,0,0,8,5,274,274,1,12,0,284,281,13,13,0,0,0,11,8
2026-07-27,COUCH-ROLL,Couch roll 50 m,rolls,pack of 9 rolls,94,7,0,7,7,5.06,6,0.84,7,4,2026-07-28,5,9,9,1,9,0,11,7,47,47,1,9,0,49,45,3,3,1,9,0,5,1
2026-07-27,GLOVES-M,"Nitrile gloves, size M",boxes,carton of 10 boxes,94,1,0,1,1,1.46,2,0.8,1,3,2026-07-28,5,13,13,0,0,0,12,9,243,243,1,10,0,252,249,13,13,0,0,0,12,9
2026-07-27,DISINF-WIPES,Surface disinfectant wipes,tubs,case of 6 tubs,94,2,0,2,2,2.45,3,,5,2,2026-07-28,5,4,4,1,6,0,8,6,58,58,1,6,0,62,60,4,4,1,6,0,8,6
2026-07-27,HAND-SAN,Hand sanitiser 500 ml,bottles,case of 10 bottles,94,2,0,2,2,2.28,3,,0,2,2026-07-28,5,8,8,0,0,0,6,4,198,198,1,10,0,206,204,8,8,0,0,0,6,4
2026-07-27,PAPER-TOWELS,Paper hand towels,bundles,carton of 20 bundles,94,8,0,8,8,8.75,9,,11,4,2026-07-28,5,10,10,1,20,0,22,18,307,307,1,20,0,319,315,21,21,0,0,0,13,9
2026-07-27,ELECTRODES,Electrode pads 5 x 5 cm,bags,box of 5 bags,94,0,0,0,1,1.41,2,0.94,4,2,2026-07-29,5,5,5,0,0,0,5,3,154,154,2,10,0,164,162,5,5,1,5,0,10,8
2026-08-03,KT-TAPE,Kinesiology tape 5 cm x 5 m,rolls,box of 6 rolls,69,10,6,16,16,7.87,8,0.96,13,3,2026-08-03,5,2,2,2,12,0,0,0,0,0,1,6,4,0,0,0,0,3,18,0,2,0
2026-08-03,RIGID-TAPE,Rigid sports tape 3.8 cm,rolls,box of 12 rolls,69,13,0,13,13,8.5,9,1.18,8,4,2026-08-03,5,16,16,0,0,0,3,0,115,115,1,12,0,114,110,18,18,0,0,0,5,1
2026-08-03,LOTION,Massage lotion 1 l,bottles,bottle,69,0,0,0,0,0.53,1,0.8,1,1,2026-08-03,5,2,2,0,0,0,2,1,12,12,2,2,0,14,13,2,2,0,0,0,2,1
2026-08-03,COLD-PACK,Instant cold pack,cold packs,box of 24 cold packs,69,4,0,4,4,4.32,5,1.2,3,6,2026-08-03,5,23,23,0,0,0,19,13,599,599,1,24,0,619,613,24,24,0,0,0,20,14
2026-08-03,US-GEL,Ultrasound gel 250 ml,bottles,case of 12 bottles,69,2,0,2,2,2.07,3,1.01,2,3,2026-08-04,5,8,8,0,0,0,6,3,284,284,1,12,0,294,291,11,11,0,0,0,9,6
2026-08-03,COUCH-ROLL,Couch roll 50 m,rolls,pack of 9 rolls,69,3,0,3,3,4.07,5,0.92,7,4,2026-08-04,5,11,11,0,0,0,8,4,49,49,1,9,0,55,51,5,5,1,9,0,11,7
2026-08-03,GLOVES-M,"Nitrile gloves, size M",boxes,carton of 10 boxes,69,1,0,1,1,1.12,2,0.8,1,3,2026-08-04,5,12,12,0,0,0,11,8,252,252,1,10,0,261,258,12,12,0,0,0,11,8
2026-08-03,DISINF-WIPES,Surface disinfectant wipes,tubs,case of 6 tubs,69,5,0,5,5,2.36,3,,2,2,2026-08-04,5,8,8,0,0,0,3,1,62,62,1,6,0,63,61,8,8,0,0,0,3,1
2026-08-03,HAND-SAN,Hand sanitiser 500 ml,bottles,case of 10 bottles,69,3,0,3,3,1.62,2,,2,2,2026-08-04,5,6,6,0,0,0,3,1,206,206,1,10,0,213,211,6,6,0,0,0,3,1
2026-08-03,PAPER-TOWELS,Paper hand towels,bundles,carton of 20 bundles,69,8,0,8,8,7.52,8,,8,4,2026-08-04,5,22,22,0,0,0,14,10,319,319,1,20,0,331,327,13,13,0,0,0,5,1
2026-08-03,ELECTRODES,Electrode pads 5 x 5 cm,bags,box of 5 bags,69,1,0,1,0,2.0,2,1.0,1,2,2026-08-05,5,5,4,0,0,0,4,2,164,163,2,10,0,173,171,10,9,0,0,0,9,7
2026-08-10,KT-TAPE,Kinesiology tape 5 cm x 5 m,rolls,box of 6 rolls,68,6,0,6,6,9.89,10,1.03,16,3,2026-08-10,5,0,0,3,18,0,12,9,0,0,1,6,0,0,0,2,2,3,18,0,14,11
2026-08-10,RIGID-TAPE,Rigid sports tape 3.8 cm,rolls,box of 12 rolls,68,14,0,14,14,8.42,9,1.17,13,4,2026-08-10,5,3,3,1,12,0,1,0,114,114,1,12,0,112,108,5,5,1,12,0,3,0
2026-08-10,LOTION,Massage lotion 1 l,bottles,bottle,68,0,0,0,0,0.38,1,0.8,0,1,2026-08-10,5,2,2,0,0,0,2,1,14,14,2,2,0,16,15,2,2,0,0,0,2,1
2026-08-10,COLD-PACK,Instant cold pack,cold packs,box of 24 cold packs,68,4,0,4,4,4.36,5,1.21,4,6,2026-08-10,5,19,19,0,0,0,15,9,619,619,1,24,0,639,633,20,20,0,0,0,16,10
2026-08-10,US-GEL,Ultrasound gel 250 ml,bottles,case of 12 bottles,68,1,0,1,1,2.37,3,1.01,2,3,2026-08-11,5,6,6,0,0,0,5,2,294,294,1,12,0,305,302,9,9,0,0,0,8,5
2026-08-10,COUCH-ROLL,Couch roll 50 m,rolls,pack of 9 rolls,68,5,6,11,11,4.08,5,0.91,3,4,2026-08-11,5,8,8,1,9,0,6,2,55,55,1,9,0,53,49,11,11,0,0,0,0,0
2026-08-10,GLOVES-M,"Nitrile gloves, size M",boxes,carton of 10 boxes,68,2,0,2,2,1.28,2,0.8,1,3,2026-08-11,5,11,11,0,0,0,9,6,261,261,1,10,0,269,266,11,11,0,0,0,9,6
2026-08-10,DISINF-WIPES,Surface disinfectant wipes,tubs,case of 6 tubs,68,4,0,4,4,2.18,3,,5,2,2026-08-11,5,3,3,1,6,0,5,3,63,63,1,6,0,65,63,3,3,1,6,0,5,3
2026-08-10,HAND-SAN,Hand sanitiser 500 ml,bottles,case of 10 bottles,68,0,0,0,0,1.17,2,,3,2,2026-08-11,5,3,3,1,10,0,13,11,213,213,1,10,0,223,221,3,3,1,10,0,13,11
2026-08-10,PAPER-TOWELS,Paper hand towels,bundles,carton of 20 bundles,68,4,0,4,6,6.87,7,,8,4,2026-08-11,5,14,14,0,0,0,10,6,331,331,1,20,0,347,343,5,5,1,20,0,21,17
2026-08-10,ELECTRODES,Electrode pads 5 x 5 cm,bags,box of 5 bags,68,3,0,3,3,2.55,3,1.02,0,2,2026-08-12,5,4,4,1,5,0,6,4,173,173,2,10,0,180,178,9,9,0,0,0,6,4
2026-08-17,KT-TAPE,Kinesiology tape 5 cm x 5 m,rolls,box of 6 rolls,125,18,0,18,17,14.58,15,1.08,6,3,2026-08-17,5,12,12,1,6,0,0,0,0,0,1,6,12,0,0,14,14,0,0,4,0,0
2026-08-17,RIGID-TAPE,Rigid sports tape 3.8 cm,rolls,box of 12 rolls,125,18,0,18,18,15.25,16,1.21,14,4,2026-08-17,5,1,1,2,24,0,7,3,112,112,1,12,0,106,102,3,3,2,24,0,9,5
2026-08-17,LOTION,Massage lotion 1 l,bottles,bottle,125,1,0,1,3,0.96,1,0.8,0,1,2026-08-17,5,2,4,0,0,0,1,0,16,18,2,2,0,17,16,2,4,0,0,0,1,0
2026-08-17,COLD-PACK,Instant cold pack,cold packs,box of 24 cold packs,125,6,0,6,6,7.62,8,1.21,4,6,2026-08-17,5,15,15,0,0,0,9,3,639,639,1,24,0,657,651,16,16,0,0,0,10,4
2026-08-17,US-GEL,Ultrasound gel 250 ml,bottles,case of 12 bottles,125,5,0,5,5,3.16,4,1.02,1,3,2026-08-18,5,5,5,1,12,0,12,9,305,305,1,12,0,312,309,8,8,0,0,0,3,0
2026-08-17,COUCH-ROLL,Couch roll 50 m,rolls,pack of 9 rolls,125,6,0,6,6,7.27,8,0.92,11,4,2026-08-18,5,6,6,1,9,0,9,5,53,53,1,9,0,56,52,0,0,2,18,2,14,10
2026-08-17,GLOVES-M,"Nitrile gloves, size M",boxes,carton of 10 boxes,125,1,0,1,1,1.98,2,0.8,2,3,2026-08-18,5,9,9,0,0,0,8,5,269,269,1,10,0,278,275,9,9,0,0,0,8,5
2026-08-17,DISINF-WIPES,Surface disinfectant wipes,tubs,case of 6 tubs,125,4,0,4,4,6.08,7,,4,2,2026-08-18,5,5,5,1,6,0,7,5,65,65,1,6,0,67,65,5,5,1,6,0,7,5
2026-08-17,HAND-SAN,Hand sanitiser 500 ml,bottles,case of 10 bottles,125,2,0,2,2,3.22,4,,0,2,2026-08-18,5,13,13,0,0,0,11,9,223,223,1,10,0,231,229,13,13,0,0,0,11,9
2026-08-17,PAPER-TOWELS,Paper hand towels,bundles,carton of 20 bundles,125,10,0,10,8,12.87,13,,6,4,2026-08-18,5,10,8,1,20,0,20,16,347,345,1,20,0,357,353,21,19,0,0,0,11,7
2026-08-17,ELECTRODES,Electrode pads 5 x 5 cm,bags,box of 5 bags,125,3,0,3,3,5.18,6,1.15,3,2,2026-08-19,5,6,6,1,5,0,8,6,180,180,2,10,0,187,185,6,6,0,0,0,3,1
2026-08-24,KT-TAPE,Kinesiology tape 5 cm x 5 m,rolls,box of 6 rolls,152,24,0,24,25,20.49,21,1.09,17,3,2026-08-24,5,0,1,4,24,0,0,0,0,1,1,6,18,0,0,0,1,4,24,0,0,0
2026-08-24,RIGID-TAPE,Rigid sports tape 3.8 cm,rolls,box of 12 rolls,152,35,0,35,35,24.3,25,1.35,18,4,2026-08-24,5,7,7,2,24,4,0,0,106,106,1,12,0,83,79,9,9,2,24,2,0,0
2026-08-24,LOTION,Massage lotion 1 l,bottles,bottle,152,2,0,2,2,1.85,2,0.8,3,1,2026-08-24,5,1,1,2,2,0,1,0,17,17,2,2,0,17,16,1,1,3,3,0,2,1
2026-08-24,COLD-PACK,Instant cold pack,cold packs,box of 24 cold packs,152,9,0,9,9,9.99,10,1.11,6,6,2026-08-24,5,9,9,1,24,0,24,18,657,657,1,24,0,672,666,10,10,1,24,0,25,19
2026-08-24,US-GEL,Ultrasound gel 250 ml,bottles,case of 12 bottles,152,3,0,3,3,2.73,3,0.94,5,3,2026-08-25,5,12,12,0,0,0,9,6,312,312,1,12,0,321,318,3,3,1,12,0,12,9
2026-08-24,COUCH-ROLL,Couch roll 50 m,rolls,pack of 9 rolls,152,12,0,12,12,10.93,11,1.12,6,4,2026-08-25,5,9,9,1,9,0,6,2,56,56,1,9,0,53,49,14,14,0,0,0,2,0
2026-08-24,GLOVES-M,"Nitrile gloves, size M",boxes,carton of 10 boxes,152,2,0,2,2,2.29,3,0.8,1,3,2026-08-25,5,8,8,0,0,0,6,3,278,278,1,10,0,286,283,8,8,0,0,0,6,3
2026-08-24,DISINF-WIPES,Surface disinfectant wipes,tubs,case of 6 tubs,152,14,0,14,14,7.76,8,,4,2,2026-08-25,5,7,7,1,6,1,0,0,67,67,1,6,0,59,57,7,7,0,0,7,0,0
2026-08-24,HAND-SAN,Hand sanitiser 500 ml,bottles,case of 10 bottles,152,2,0,2,2,2.42,3,,2,2,2026-08-25,5,11,11,0,0,0,9,7,231,231,1,10,0,239,237,11,11,0,0,0,9,7
2026-08-24,PAPER-TOWELS,Paper hand towels,bundles,carton of 20 bundles,152,14,0,14,14,16.01,17,,8,4,2026-08-25,5,20,20,1,20,0,26,22,357,357,1,20,0,363,359,11,11,1,20,0,17,13
2026-08-24,ELECTRODES,Electrode pads 5 x 5 cm,bags,box of 5 bags,152,2,0,2,2,3.0,3,1.0,3,2,2026-08-26,5,8,8,0,0,0,6,4,187,187,2,10,0,195,193,3,3,1,5,0,6,4
2026-08-31,KT-TAPE,Kinesiology tape 5 cm x 5 m,rolls,box of 6 rolls,156,24,5,29,29,18.81,19,1.1,25,3,2026-08-31,5,0,0,4,24,0,0,0,0,0,1,6,18,0,0,0,0,5,30,0,1,0
2026-08-31,RIGID-TAPE,Rigid sports tape 3.8 cm,rolls,box of 12 rolls,156,37,0,37,37,21.55,22,1.33,35,4,2026-08-31,5,0,0,3,36,1,0,0,83,83,1,12,0,58,54,0,0,4,48,0,11,7
2026-08-31,LOTION,Massage lotion 1 l,bottles,bottle,156,4,0,4,4,2.18,3,0.8,2,1,2026-08-31,5,1,1,3,3,0,0,0,17,17,2,2,0,15,14,2,2,1,1,1,0,0
2026-08-31,COLD-PACK,Instant cold pack,cold packs,box of 24 cold packs,156,5,0,5,5,8.26,9,1.02,9,6,2026-08-31,5,24,24,0,0,0,19,13,672,672,1,24,0,691,685,25,25,0,0,0,20,14
2026-08-31,US-GEL,Ultrasound gel 250 ml,bottles,case of 12 bottles,156,8,0,8,10,3.02,4,0.93,3,3,2026-09-01,5,9,9,0,0,0,1,0,321,321,1,12,0,325,322,12,12,0,0,0,4,1
2026-08-31,COUCH-ROLL,Couch roll 50 m,rolls,pack of 9 rolls,156,14,0,14,14,11.02,12,1.1,12,4,2026-09-01,5,6,6,2,18,0,10,6,53,53,1,9,0,48,44,2,2,2,18,1,7,3
2026-08-31,GLOVES-M,"Nitrile gloves, size M",boxes,carton of 10 boxes,156,0,0,0,0,2.42,3,0.8,2,3,2026-09-01,5,6,6,0,0,0,6,3,286,286,1,10,0,296,293,6,6,0,0,0,6,3
2026-08-31,DISINF-WIPES,Surface disinfectant wipes,tubs,case of 6 tubs,156,6,0,6,6,6.64,7,,14,2,2026-09-01,5,0,0,2,12,2,8,6,59,59,1,6,0,59,57,0,0,3,18,2,14,12
2026-08-31,HAND-SAN,Hand sanitiser 500 ml,bottles,case of 10 bottles,156,1,0,1,1,3.1,4,,2,2,2026-09-01,5,9,9,0,0,0,8,6,239,239,1,10,0,248,246,9,9,0,0,0,8,6
2026-08-31,PAPER-TOWELS,Paper hand towels,bundles,carton of 20 bundles,156,17,0,17,17,13.28,14,,14,4,2026-09-01,5,26,26,0,0,0,9,5,363,363,1,20,0,366,362,17,17,1,20,0,20,16
2026-08-31,ELECTRODES,Electrode pads 5 x 5 cm,bags,box of 5 bags,156,5,0,5,5,3.2,4,0.8,2,2,2026-09-02,5,6,6,0,0,0,1,0,195,195,2,10,0,200,198,6,6,0,0,0,1,0
2026-09-07,KT-TAPE,Kinesiology tape 5 cm x 5 m,rolls,box of 6 rolls,145,13,0,13,13,17.37,18,1.19,29,3,2026-09-07,5,0,0,4,24,0,11,8,0,0,1,6,7,0,0,1,1,6,36,0,24,21
2026-09-07,RIGID-TAPE,Rigid sports tape 3.8 cm,rolls,box of 12 rolls,145,22,0,22,22,17.95,18,1.36,37,4,2026-09-07,5,0,0,2,24,0,2,0,58,58,1,12,0,48,44,11,11,3,36,0,25,21
2026-09-07,LOTION,Massage lotion 1 l,bottles,bottle,145,1,0,1,1,1.61,2,0.88,4,1,2026-09-07,5,0,0,3,3,0,2,1,15,15,2,2,0,16,15,0,0,5,5,0,4,3
2026-09-07,COLD-PACK,Instant cold pack,cold packs,box of 24 cold packs,145,8,0,8,8,6.8,7,1.03,5,6,2026-09-07,5,19,19,0,0,0,11,5,691,691,1,24,0,707,701,20,20,0,0,0,12,6
2026-09-07,US-GEL,Ultrasound gel 250 ml,bottles,case of 12 bottles,145,3,0,3,1,4.19,5,0.9,10,3,2026-09-08,5,1,0,1,12,0,10,7,325,323,1,12,0,334,331,4,2,1,12,0,13,10
2026-09-07,COUCH-ROLL,Couch roll 50 m,rolls,pack of 9 rolls,145,13,0,13,13,10.23,11,1.11,14,4,2026-09-08,5,10,10,1,9,0,6,2,48,48,1,9,0,44,40,7,7,2,18,0,12,8
2026-09-07,GLOVES-M,"Nitrile gloves, size M",boxes,carton of 10 boxes,145,3,0,3,3,2.27,3,0.8,0,3,2026-09-08,5,6,6,0,0,0,3,0,296,296,1,10,0,303,300,6,6,0,0,0,3,0
2026-09-07,DISINF-WIPES,Surface disinfectant wipes,tubs,case of 6 tubs,145,10,0,10,10,9.25,10,,6,2,2026-09-08,5,8,8,1,6,0,4,2,59,59,1,6,0,55,53,14,14,0,0,0,4,2
2026-09-07,HAND-SAN,Hand sanitiser 500 ml,bottles,case of 10 bottles,145,3,0,3,3,2.4,3,,1,2,2026-09-08,5,8,8,0,0,0,5,3,248,248,1,10,0,255,253,8,8,0,0,0,5,3
2026-09-07,PAPER-TOWELS,Paper hand towels,bundles,carton of 20 bundles,145,12,0,12,12,12.33,13,,17,4,2026-09-08,5,9,9,1,20,0,17,13,366,366,1,20,0,374,370,20,20,1,20,0,28,24
2026-09-07,ELECTRODES,Electrode pads 5 x 5 cm,bags,box of 5 bags,145,2,2,4,4,4.0,4,0.8,5,2,2026-09-09,5,1,1,1,5,1,3,1,200,200,2,10,0,206,204,1,1,2,10,1,8,6
2026-09-14,KT-TAPE,Kinesiology tape 5 cm x 5 m,rolls,box of 6 rolls,147,13,0,13,13,15.96,16,1.33,13,3,2026-09-14,5,11,11,2,12,0,10,7,0,0,1,6,7,0,0,24,24,0,0,0,11,8
2026-09-14,RIGID-TAPE,Rigid sports tape 3.8 cm,rolls,box of 12 rolls,147,7,0,7,7,14.4,15,1.5,22,4,2026-09-14,5,2,2,2,24,0,19,15,48,48,1,12,0,53,49,25,25,1,12,0,30,26
2026-09-14,LOTION,Massage lotion 1 l,bottles,bottle,147,2,0,2,0,2.58,3,1.06,1,1,2026-09-14,5,2,2,2,2,0,2,1,16,16,2,2,0,16,15,4,4,0,0,0,2,1
2026-09-14,COLD-PACK,Instant cold pack,cold packs,box of 24 cold packs,147,5,0,5,5,4.18,5,0.87,8,6,2026-09-14,5,11,11,0,0,0,6,0,707,707,1,24,0,726,720,12,12,1,24,0,31,25
2026-09-14,US-GEL,Ultrasound gel 250 ml,bottles,case of 12 bottles,147,7,0,7,7,10.51,11,1.42,1,3,2026-09-15,5,10,10,1,12,0,15,12,334,334,1,12,0,339,336,13,13,0,0,0,6,3
2026-09-14,COUCH-ROLL,Couch roll 50 m,rolls,pack of 9 rolls,147,4,0,4,4,11.31,12,1.19,13,4,2026-09-15,5,6,6,2,18,0,20,16,44,44,1,9,0,49,45,12,12,1,9,0,17,13
2026-09-14,GLOVES-M,"Nitrile gloves, size M",boxes,carton of 10 boxes,147,3,0,3,3,2.27,3,0.8,3,3,2026-09-15,5,3,3,1,10,0,10,7,303,303,1,10,0,310,307,3,3,1,10,0,10,7
2026-09-14,DISINF-WIPES,Surface disinfectant wipes,tubs,case of 6 tubs,147,10,0,10,12,8.19,9,,10,2,2026-09-15,5,4,4,2,12,0,6,4,55,55,1,6,0,51,49,4,4,2,12,0,6,4
2026-09-14,HAND-SAN,Hand sanitiser 500 ml,bottles,case of 10 bottles,147,3,0,3,3,1.46,2,,3,2,2026-09-15,5,5,5,0,0,0,2,0,255,255,1,10,0,262,260,5,5,0,0,0,2,0
2026-09-14,PAPER-TOWELS,Paper hand towels,bundles,carton of 20 bundles,147,18,0,18,18,13.16,14,,12,4,2026-09-15,5,17,17,1,20,0,19,15,374,374,1,20,0,376,372,28,28,0,0,0,10,6
2026-09-14,ELECTRODES,Electrode pads 5 x 5 cm,bags,box of 5 bags,147,5,0,5,5,4.3,5,0.86,4,2,2026-09-16,5,3,3,1,5,0,3,1,206,206,2,10,0,211,209,8,8,0,0,0,3,1
2026-09-21,KT-TAPE,Kinesiology tape 5 cm x 5 m,rolls,box of 6 rolls,124,12,0,12,12,15.48,16,1.29,13,3,2026-09-21,5,10,10,2,12,0,10,7,0,0,1,6,6,0,0,11,11,1,6,0,5,2
2026-09-21,RIGID-TAPE,Rigid sports tape 3.8 cm,rolls,box of 12 rolls,124,19,0,19,19,18.0,18,1.5,7,4,2026-09-21,5,19,19,1,12,0,12,8,53,53,1,12,0,46,42,30,30,0,0,0,11,7
2026-09-21,LOTION,Massage lotion 1 l,bottles,bottle,124,2,0,2,4,1.9,2,0.93,0,1,2026-09-21,5,2,4,0,0,0,0,0,16,18,2,2,0,16,15,2,4,0,0,0,0,0
2026-09-21,COLD-PACK,Instant cold pack,cold packs,box of 24 cold packs,124,7,0,7,7,5.34,6,0.89,5,6,2026-09-21,5,6,6,1,24,0,23,17,726,726,1,24,0,743,737,31,31,0,0,0,24,18
2026-09-21,US-GEL,Ultrasound gel 250 ml,bottles,case of 12 bottles,124,5,0,5,5,5.12,6,1.1,7,3,2026-09-22,5,15,15,0,0,0,10,7,339,339,1,12,0,346,343,6,6,1,12,0,13,10
2026-09-21,COUCH-ROLL,Couch roll 50 m,rolls,pack of 9 rolls,124,3,0,3,3,10.14,11,1.29,4,4,2026-09-22,5,20,20,0,0,0,17,13,49,49,1,9,0,55,51,17,17,0,0,0,14,10
2026-09-21,GLOVES-M,"Nitrile gloves, size M",boxes,carton of 10 boxes,124,0,0,0,0,1.74,2,0.8,3,3,2026-09-22,5,10,10,0,0,0,10,7,310,310,1,10,0,320,317,10,10,0,0,0,10,7
2026-09-21,DISINF-WIPES,Surface disinfectant wipes,tubs,case of 6 tubs,124,5,0,5,3,7.31,8,,12,2,2026-09-22,5,6,4,1,6,0,7,5,51,49,1,6,0,52,50,6,4,2,12,0,13,11
2026-09-21,HAND-SAN,Hand sanitiser 500 ml,bottles,case of 10 bottles,124,4,0,4,4,1.72,2,,3,2,2026-09-22,5,2,2,1,10,0,8,6,262,262,1,10,0,268,266,2,2,1,10,0,8,6
2026-09-21,PAPER-TOWELS,Paper hand towels,bundles,carton of 20 bundles,124,11,0,11,11,10.97,11,,18,4,2026-09-22,5,19,19,0,0,0,8,4,376,376,1,20,0,385,381,10,10,1,20,0,19,15
2026-09-21,ELECTRODES,Electrode pads 5 x 5 cm,bags,box of 5 bags,124,13,0,13,13,4.68,5,0.85,5,2,2026-09-23,5,3,3,1,5,5,0,0,211,211,2,10,0,208,206,3,3,1,5,5,0,0
2026-09-28,KT-TAPE,Kinesiology tape 5 cm x 5 m,rolls,box of 6 rolls,139,14,0,14,14,16.64,17,1.28,12,3,2026-09-28,5,10,10,2,12,0,8,5,0,0,1,6,8,0,0,5,5,2,12,0,3,0
2026-09-28,RIGID-TAPE,Rigid sports tape 3.8 cm,rolls,box of 12 rolls,139,16,0,16,17,19.8,20,1.5,19,4,2026-09-28,5,12,12,1,12,0,8,4,46,46,1,12,0,42,38,11,11,1,12,0,7,3
2026-09-28,LOTION,Massage lotion 1 l,bottles,bottle,139,4,0,4,4,1.52,2,0.86,4,1,2026-09-28,5,0,0,3,3,1,0,0,16,16,2,2,0,14,13,0,0,5,5,0,1,0
2026-09-28,COLD-PACK,Instant cold pack,cold packs,box of 24 cold packs,139,4,0,4,4,6.2,7,0.94,7,6,2026-09-28,5,23,23,0,0,0,19,13,743,743,1,24,0,763,757,24,24,0,0,0,20,14
2026-09-28,US-GEL,Ultrasound gel 250 ml,bottles,case of 12 bottles,139,3,0,3,3,4.23,5,1.21,5,3,2026-09-29,5,10,10,0,0,0,7,4,346,346,1,12,0,355,352,13,13,0,0,0,10,7
2026-09-28,COUCH-ROLL,Couch roll 50 m,rolls,pack of 9 rolls,139,5,0,5,6,10.12,11,1.16,3,4,2026-09-29,5,17,17,0,0,0,12,8,55,55,1,9,0,59,55,14,14,0,0,0,9,5
2026-09-28,GLOVES-M,"Nitrile gloves, size M",boxes,carton of 10 boxes,139,2,0,2,2,2.06,3,0.8,0,3,2026-09-29,5,10,10,0,0,0,8,5,320,320,1,10,0,328,325,10,10,0,0,0,8,5
2026-09-28,DISINF-WIPES,Surface disinfectant wipes,tubs,case of 6 tubs,139,4,0,4,4,9.98,10,,3,2,2026-09-29,5,7,7,1,6,0,9,7,52,52,1,6,0,54,52,13,13,0,0,0,9,7
2026-09-28,HAND-SAN,Hand sanitiser 500 ml,bottles,case of 10 bottles,139,4,0,4,4,2.14,3,,4,2,2026-09-29,5,8,8,0,0,0,4,2,268,268,1,10,0,274,272,8,8,0,0,0,4,2
2026-09-28,PAPER-TOWELS,Paper hand towels,bundles,carton of 20 bundles,139,9,0,9,9,14.49,15,,11,4,2026-09-29,5,8,8,1,20,0,19,15,385,385,1,20,0,396,392,19,19,0,0,0,10,6
2026-09-28,ELECTRODES,Electrode pads 5 x 5 cm,bags,box of 5 bags,139,6,3,9,9,4.25,5,0.85,13,2,2026-09-30,5,0,0,2,10,3,4,2,208,208,2,10,0,209,207,0,0,3,15,3,9,7
2026-10-05,KT-TAPE,Kinesiology tape 5 cm x 5 m,rolls,box of 6 rolls,155,13,0,13,12,16.73,17,1.23,14,3,2026-10-05,5,8,8,2,12,0,7,4,0,0,1,6,7,0,0,3,3,3,18,0,8,5
2026-10-05,RIGID-TAPE,Rigid sports tape 3.8 cm,rolls,box of 12 rolls,155,12,0,12,11,18.0,18,1.5,17,4,2026-10-05,5,8,7,2,24,0,20,16,42,41,1,12,0,42,38,7,6,2,24,0,19,15
2026-10-05,LOTION,Massage lotion 1 l,bottles,bottle,155,0,0,0,0,1.95,2,1.05,4,1,2026-10-05,5,0,0,3,3,0,3,2,14,14,2,2,0,16,15,1,1,4,4,0,5,4
2026-10-05,COLD-PACK,Instant cold pack,cold packs,box of 24 cold packs,155,10,0,10,10,5.94,6,0.99,4,6,2026-10-05,5,19,19,0,0,0,9,3,763,763,1,24,0,777,771,20,20,0,0,0,10,4
2026-10-05,US-GEL,Ultrasound gel 250 ml,bottles,case of 12 bottles,155,8,0,8,8,8.65,9,1.21,3,3,2026-10-06,5,7,7,1,12,0,11,8,355,355,1,12,0,359,356,10,10,0,0,0,2,0
2026-10-05,COUCH-ROLL,Couch roll 50 m,rolls,pack of 9 rolls,155,15,0,15,14,10.31,11,1.05,6,4,2026-10-06,5,12,11,1,9,0,6,2,59,58,1,9,0,53,49,9,8,1,9,0,3,0
2026-10-05,GLOVES-M,"Nitrile gloves, size M",boxes,carton of 10 boxes,155,7,0,7,7,2.42,3,0.8,2,3,2026-10-06,5,8,8,0,0,0,1,0,328,328,1,10,0,331,328,8,8,0,0,0,1,0
2026-10-05,DISINF-WIPES,Surface disinfectant wipes,tubs,case of 6 tubs,155,4,0,4,4,8.53,9,,4,2,2026-10-06,5,9,9,1,6,0,11,9,54,54,1,6,0,56,54,9,9,0,0,0,5,3
2026-10-05,HAND-SAN,Hand sanitiser 500 ml,bottles,case of 10 bottles,155,1,0,1,1,3.03,4,,4,2,2026-10-06,5,4,4,1,10,0,13,11,274,274,1,10,0,283,281,4,4,1,10,0,13,11
2026-10-05,PAPER-TOWELS,Paper hand towels,bundles,carton of 20 bundles,155,13,0,13,13,15.95,16,,9,4,2026-10-06,5,19,19,1,20,0,26,22,396,396,1,20,0,403,399,10,10,1,20,0,17,13
2026-10-05,ELECTRODES,Electrode pads 5 x 5 cm,bags,box of 5 bags,155,4,0,4,4,7.77,8,1.11,9,2,2026-10-07,5,4,4,2,10,0,10,8,209,209,2,10,0,215,213,9,9,1,5,0,10,8
2026-10-12,KT-TAPE,Kinesiology tape 5 cm x 5 m,rolls,box of 6 rolls,175,13,0,13,14,17.86,18,1.16,12,3,2026-10-12,5,7,8,3,18,0,12,9,0,1,1,6,7,0,0,8,9,1,6,0,1,0
2026-10-12,RIGID-TAPE,Rigid sports tape 3.8 cm,rolls,box of 12 rolls,175,14,0,14,14,18.0,18,1.5,11,4,2026-10-12,5,20,20,1,12,0,18,14,42,42,1,12,0,40,36,19,19,0,0,0,5,1
2026-10-12,LOTION,Massage lotion 1 l,bottles,bottle,175,2,0,2,2,2.42,3,1.24,0,1,2026-10-12,5,3,3,1,1,0,2,1,16,16,2,2,0,16,15,5,5,0,0,0,3,2
2026-10-12,COLD-PACK,Instant cold pack,cold packs,box of 24 cold packs,175,3,0,3,3,5.64,6,0.94,10,6,2026-10-12,5,9,9,1,24,0,30,24,777,777,1,24,0,798,792,10,10,1,24,0,31,25
2026-10-12,US-GEL,Ultrasound gel 250 ml,bottles,case of 12 bottles,175,3,0,3,3,5.16,6,1.2,8,3,2026-10-13,5,11,11,0,0,0,8,5,359,359,1,12,0,368,365,2,2,1,12,0,11,8
2026-10-12,COUCH-ROLL,Couch roll 50 m,rolls,pack of 9 rolls,175,16,0,16,16,11.46,12,1.02,14,4,2026-10-13,5,6,6,2,18,0,8,4,53,53,1,9,0,46,42,3,3,2,18,1,6,2
2026-10-12,GLOVES-M,"Nitrile gloves, size M",boxes,carton of 10 boxes,175,3,0,3,3,2.83,3,0.8,7,3,2026-10-13,5,1,1,1,10,0,8,5,331,331,1,10,0,338,335,1,1,1,10,0,8,5
2026-10-12,DISINF-WIPES,Surface disinfectant wipes,tubs,case of 6 tubs,175,8,0,8,8,9.14,10,,4,2,2026-10-13,5,11,11,1,6,0,9,7,56,56,1,6,0,54,52,5,5,1,6,0,3,1
2026-10-12,HAND-SAN,Hand sanitiser 500 ml,bottles,case of 10 bottles,175,7,0,7,7,4.41,5,,1,2,2026-10-13,5,13,13,0,0,0,6,4,283,283,1,10,0,286,284,13,13,0,0,0,6,4
2026-10-12,PAPER-TOWELS,Paper hand towels,bundles,carton of 20 bundles,175,18,0,18,18,15.75,16,,13,4,2026-10-13,5,26,26,0,0,0,8,4,403,403,1,20,0,405,401,17,17,0,0,1,0,0
2026-10-12,ELECTRODES,Electrode pads 5 x 5 cm,bags,box of 5 bags,175,7,0,7,7,10.08,11,1.26,4,2,2026-10-14,5,10,10,1,5,0,8,6,215,215,2,10,0,218,216,10,10,0,0,0,3,1
