seed,agent_stockout_weeks,same_order_stockout_weeks,naive_rule_stockout_weeks,agent_weeks_above_safety,same_order_weeks_above_safety,naive_rule_weeks_above_safety,agent_forecast_pct_error,naive_forecast_pct_error,items_agent_better_forecast
20261005,29,28,43,1.28,31.81,1.3,45.5,63.8,11
20261006,24,6,40,1.37,34.33,1.45,45.6,70.3,11
20261007,22,1,40,1.42,41.77,1.45,45.1,59.1,11
20261008,27,12,41,1.36,35.96,1.37,46.3,63.7,10
20261009,24,48,46,1.16,26.95,1.21,42.9,61.0,11
20261010,21,9,49,1.35,35.74,1.37,45.7,64.9,11
20261011,24,0,43,1.29,31.86,1.37,43.2,62.2,11
20261012,15,1,35,1.45,37.94,1.39,45.5,64.7,10
20261013,20,33,48,1.27,32.26,1.35,42.7,64.2,11
20261014,20,4,44,1.27,32.65,1.25,42.7,63.4,11
20261015,24,7,44,1.23,32.73,1.33,43.2,68.7,11
20261016,23,3,38,1.31,32.18,1.23,43.0,60.3,11
20261017,25,16,47,1.33,35.61,1.47,44.2,63.1,11
20261018,19,3,45,1.13,26.7,1.21,44.2,63.5,11
20261019,23,0,33,1.19,29.02,1.23,38.0,57.3,11
20261020,29,10,52,1.24,31.18,1.33,41.2,64.3,11
20261021,21,0,49,1.43,39.75,1.49,44.1,65.6,11
20261022,15,23,32,1.32,32.97,1.36,44.9,62.5,10
20261023,14,3,37,1.34,37.33,1.35,43.1,60.8,10
20261024,21,4,30,1.29,34.74,1.25,42.4,60.2,11
median,22.5,5.0,43.0,1.3,32.85,1.35,43.65,63.45,11.0
min,14.0,0.0,30.0,1.13,26.7,1.21,38.0,57.3,10.0
max,29.0,48.0,52.0,1.45,41.77,1.49,46.3,70.3,11.0
