pair_id,verdict,reason,model,raw_answer
31997036194~32079646128,DIFFERENT,"Different companies (Francop vs Curslack), cities and seat counts.","AI (recorded blind run, 6 Oct 2026)","DIFFERENT | Different companies (Francop vs Curslack), cities and seat counts."
32028024812~32067071312,DIFFERENT,Different companies (Veddel vs Ebbe) and different products.,"AI (recorded blind run, 6 Oct 2026)",DIFFERENT | Different companies (Veddel vs Ebbe) and different products.
32036730914~32155114510,DIFFERENT,"Different companies (Sandtor vs Ostwind), cities and seat counts.","AI (recorded blind run, 6 Oct 2026)","DIFFERENT | Different companies (Sandtor vs Ostwind), cities and seat counts."
32041137842~32127837788,DIFFERENT,Same company but renewal versus expansion are separate deals.,"AI (recorded blind run, 6 Oct 2026)",DIFFERENT | Same company but renewal versus expansion are separate deals.
32058262004~32077394135,DIFFERENT,Different companies (Billwerder vs Steinwerder) in different cities.,"AI (recorded blind run, 6 Oct 2026)",DIFFERENT | Different companies (Billwerder vs Steinwerder) in different cities.
32067707686~32117287664,DUPLICATE,"Same company, same 60-seat shift planning and time tracking purchase, close amounts and same domain stem.","AI (recorded blind run, 6 Oct 2026)","DUPLICATE | Same company, same 60-seat shift planning and time tracking purchase, close amounts and same domain stem."
32067707686~32141288138,DIFFERENT,Same company but 60-seat new purchase versus +300 seat expansion.,"AI (recorded blind run, 6 Oct 2026)",DIFFERENT | Same company but 60-seat new purchase versus +300 seat expansion.
32077394135~32085078431,DIFFERENT,Different companies (Steinwerder vs Billwerder) and renewal versus expansion.,"AI (recorded blind run, 6 Oct 2026)",DIFFERENT | Different companies (Steinwerder vs Billwerder) and renewal versus expansion.
32093870221~32148389610,DUPLICATE,"Same company abbreviated, same domain and city, same 25-seat analytics deal, close amounts.","AI (recorded blind run, 6 Oct 2026)","DUPLICATE | Same company abbreviated, same domain and city, same 25-seat analytics deal, close amounts."
32097481765~32233172625,DIFFERENT,Renewal 2027 versus workforce analytics add-on are distinct products despite equal amounts.,"AI (recorded blind run, 6 Oct 2026)",DIFFERENT | Renewal 2027 versus workforce analytics add-on are distinct products despite equal amounts.
32109871077~32142514618,DUPLICATE,"Same Westwall Pflege, same domain and city, same 40-seat shift planning deal, close amounts.","AI (recorded blind run, 6 Oct 2026)","DUPLICATE | Same Westwall Pflege, same domain and city, same 40-seat shift planning deal, close amounts."
32117287664~32141288138,DIFFERENT,60-seat shift planning versus +300 seat expansion are separate business.,"AI (recorded blind run, 6 Oct 2026)",DIFFERENT | 60-seat shift planning versus +300 seat expansion are separate business.
32124416677~32150786470,DUPLICATE,"Same Birkenhain Pflege, same domain and city, identical +150 seat expansion and amount.","AI (recorded blind run, 6 Oct 2026)","DUPLICATE | Same Birkenhain Pflege, same domain and city, identical +150 seat expansion and amount."
32134741420~32239839258,DIFFERENT,Shift planning 25 seats versus renewal 2027 are different business.,"AI (recorded blind run, 6 Oct 2026)",DIFFERENT | Shift planning 25 seats versus renewal 2027 are different business.
32156631755~32180179008,DIFFERENT,Expansion versus renewal at the same company are separate deals.,"AI (recorded blind run, 6 Oct 2026)",DIFFERENT | Expansion versus renewal at the same company are separate deals.
32161394612~32174370665,DIFFERENT,Different companies (Eißendorf vs Heimfeld) and different products.,"AI (recorded blind run, 6 Oct 2026)",DIFFERENT | Different companies (Eißendorf vs Heimfeld) and different products.
32162249910~32269164328,DIFFERENT,"Different companies (Silbermöwe vs Billwerder), renewal versus expansion.","AI (recorded blind run, 6 Oct 2026)","DIFFERENT | Different companies (Silbermöwe vs Billwerder), renewal versus expansion."
32177638807~32206748744,DIFFERENT,Shift planning 60 seats versus Hamburg site rollout are different scopes.,"AI (recorded blind run, 6 Oct 2026)",DIFFERENT | Shift planning 60 seats versus Hamburg site rollout are different scopes.
32182682614~32264000363,DIFFERENT,Expansion versus renewal 2027 at the same company are separate deals.,"AI (recorded blind run, 6 Oct 2026)",DIFFERENT | Expansion versus renewal 2027 at the same company are separate deals.
32191191404~32257851869,DIFFERENT,"Different companies (Spadenland vs Eppendorf), cities and seat counts.","AI (recorded blind run, 6 Oct 2026)","DIFFERENT | Different companies (Spadenland vs Eppendorf), cities and seat counts."
32198772213~32244299145,DIFFERENT,Shift planning 120 seats versus Bremen site rollout are different scopes.,"AI (recorded blind run, 6 Oct 2026)",DIFFERENT | Shift planning 120 seats versus Bremen site rollout are different scopes.
32198772213~32247247361,DIFFERENT,Shift planning 120 seats versus +25 seat expansion are different deals.,"AI (recorded blind run, 6 Oct 2026)",DIFFERENT | Shift planning 120 seats versus +25 seat expansion are different deals.
32200215760~32225749347,DUPLICATE,"Same Kirchdorf Kliniken abbreviated, same city, identical +120 seat expansion, close amounts.","AI (recorded blind run, 6 Oct 2026)","DUPLICATE | Same Kirchdorf Kliniken abbreviated, same city, identical +120 seat expansion, close amounts."
32206748744~32270803597,DIFFERENT,Hamburg site rollout versus renewal 2027 are different business.,"AI (recorded blind run, 6 Oct 2026)",DIFFERENT | Hamburg site rollout versus renewal 2027 are different business.
32216825458~32269630156,DIFFERENT,Time tracking 200 seats versus +25 seat expansion are different deals.,"AI (recorded blind run, 6 Oct 2026)",DIFFERENT | Time tracking 200 seats versus +25 seat expansion are different deals.
32220638084~32275476846,DIFFERENT,Shift planning and time tracking versus workforce analytics add-on are different products.,"AI (recorded blind run, 6 Oct 2026)",DIFFERENT | Shift planning and time tracking versus workforce analytics add-on are different products.
32227279262~32285764367,DIFFERENT,Time tracking 60 seats versus +60 seat expansion are different purchases despite same company.,"AI (recorded blind run, 6 Oct 2026)",DIFFERENT | Time tracking 60 seats versus +60 seat expansion are different purchases despite same company.
32241877346~32251617713,DUPLICATE,"Same Blauwal Pflege in Rostock, same 40-seat time tracking deal, close amounts.","AI (recorded blind run, 6 Oct 2026)","DUPLICATE | Same Blauwal Pflege in Rostock, same 40-seat time tracking deal, close amounts."
32244299145~32247247361,DIFFERENT,Bremen site rollout versus +25 seat expansion are different deals.,"AI (recorded blind run, 6 Oct 2026)",DIFFERENT | Bremen site rollout versus +25 seat expansion are different deals.
32244721862~32266871028,DIFFERENT,Shift planning 150 seats versus renewal 2027 are different business.,"AI (recorded blind run, 6 Oct 2026)",DIFFERENT | Shift planning 150 seats versus renewal 2027 are different business.
32257851869~32273517805,DUPLICATE,"Same Eppendorf Sicherheitsdienst, same domain and city, identical +120 seat expansion, close amounts.","AI (recorded blind run, 6 Oct 2026)","DUPLICATE | Same Eppendorf Sicherheitsdienst, same domain and city, identical +120 seat expansion, close amounts."
32265218497~32293229190,DUPLICATE,"Company name typo (Bua vs Bau), same domain and city, identical 120-seat shift planning deal.","AI (recorded blind run, 6 Oct 2026)","DUPLICATE | Company name typo (Bua vs Bau), same domain and city, identical 120-seat shift planning deal."
32282170459~32290382328,DUPLICATE,"Same Ankerplatz Bau, same city, renewal 2027, same close date, close amounts.","AI (recorded blind run, 6 Oct 2026)","DUPLICATE | Same Ankerplatz Bau, same city, renewal 2027, same close date, close amounts."
32282705677~32293986023,DIFFERENT,Time tracking 200 seats versus renewal 2027 are different business.,"AI (recorded blind run, 6 Oct 2026)",DIFFERENT | Time tracking 200 seats versus renewal 2027 are different business.
32287349317~32291030631,DUPLICATE,"Typo in Spedition, same domain and city, identical +150 seat expansion, close amounts.","AI (recorded blind run, 6 Oct 2026)","DUPLICATE | Typo in Spedition, same domain and city, identical +150 seat expansion, close amounts."
32291796878~32292603246,DIFFERENT,Renewal 2027 versus +40 seat expansion are different deals.,"AI (recorded blind run, 6 Oct 2026)",DIFFERENT | Renewal 2027 versus +40 seat expansion are different deals.
