count_date,item_id,item,on_hand,earliest_best_before,qty_with_that_date,counted_by
2026-10-09,KT-TAPE,Kinesiology tape 5 cm x 5 m,5,,,practice manager
2026-10-09,RIGID-TAPE,Rigid sports tape 3.8 cm,9,,,practice manager
2026-10-09,LOTION,Massage lotion 1 l,1,,,practice manager
2026-10-09,COLD-PACK,Instant cold pack,16,2027-06-30,16,practice manager
2026-10-09,US-GEL,Ultrasound gel 250 ml,5,2026-11-20,4,practice manager
2026-10-09,COUCH-ROLL,Couch roll 50 m,7,,,practice manager
2026-10-09,GLOVES-M,"Nitrile gloves, size M",4,,,practice manager
2026-10-09,DISINF-WIPES,Surface disinfectant wipes,3,2027-03-31,3,practice manager
2026-10-09,HAND-SAN,Hand sanitiser 500 ml,3,,,practice manager
2026-10-09,PAPER-TOWELS,Paper hand towels,9,,,practice manager
2026-10-09,ELECTRODES,Electrode pads 5 x 5 cm,3,,,practice manager
2026-10-16,KT-TAPE,Kinesiology tape 5 cm x 5 m,4,,,practice manager
2026-10-16,RIGID-TAPE,Rigid sports tape 3.8 cm,16,,,practice manager
2026-10-16,LOTION,Massage lotion 1 l,2,,,practice manager
2026-10-16,COLD-PACK,Instant cold pack,14,2027-06-30,12,practice manager
2026-10-16,US-GEL,Ultrasound gel 250 ml,13,2026-11-20,4,practice manager
2026-10-16,COUCH-ROLL,Couch roll 50 m,7,,,practice manager
2026-10-16,GLOVES-M,"Nitrile gloves, size M",8,,,practice manager
2026-10-16,DISINF-WIPES,Surface disinfectant wipes,4,2027-04-30,3,practice manager
2026-10-16,HAND-SAN,Hand sanitiser 500 ml,10,,,practice manager
2026-10-16,PAPER-TOWELS,Paper hand towels,18,,,practice manager
2026-10-16,ELECTRODES,Electrode pads 5 x 5 cm,3,,,practice manager
