treatment_type,item_id,use_per_session
Sports physio + taping,KT-TAPE,0.5
Lymph drainage,KT-TAPE,0.2
Sports physio + taping,RIGID-TAPE,0.6
Massage,LOTION,0.12
Manual therapy,LOTION,0.03
Sports physio + taping,COLD-PACK,0.3
Ultrasound,US-GEL,0.25
Shockwave,US-GEL,0.4
Physiotherapy,COUCH-ROLL,0.06
Manual therapy,COUCH-ROLL,0.06
Sports physio + taping,COUCH-ROLL,0.06
Lymph drainage,COUCH-ROLL,0.08
Massage,COUCH-ROLL,0.08
Ultrasound,COUCH-ROLL,0.06
Electrotherapy,COUCH-ROLL,0.06
Shockwave,COUCH-ROLL,0.06
Physiotherapy,GLOVES-M,0.02
Manual therapy,GLOVES-M,0.02
Sports physio + taping,GLOVES-M,0.02
Lymph drainage,GLOVES-M,0.04
Shockwave,GLOVES-M,0.04
Electrotherapy,ELECTRODES,0.5
