case_id,doc_code,chased_on,sent_to
C-001,ADDRESS_REGISTRATION,2026-09-28,client
C-001,HOUSING,2026-09-28,client
C-001,HEALTH_INSURANCE,2026-09-28,client
C-001,EMPLOYER_DECLARATION,2026-09-28,hr
C-001,DEGREE_RECOGNITION,2026-09-28,client
C-002,ADDRESS_REGISTRATION,2026-10-02,client
C-002,HOUSING,2026-10-02,client
C-002,HEALTH_INSURANCE,2026-10-02,client
C-002,PRIOR_EMPLOYMENT,2026-10-02,hr
C-001,ADDRESS_REGISTRATION,2026-10-05,client
C-001,HOUSING,2026-10-05,client
C-001,HEALTH_INSURANCE,2026-10-05,client
C-001,EMPLOYER_DECLARATION,2026-10-05,hr
C-001,DEGREE_RECOGNITION,2026-10-05,client
C-002,HOUSING,2026-10-09,client
C-002,HEALTH_INSURANCE,2026-10-09,client
C-002,PRIOR_EMPLOYMENT,2026-10-09,hr
C-003,APPLICATION_FORM,2026-10-09,client
C-003,ADDRESS_REGISTRATION,2026-10-09,client
C-003,HOUSING,2026-10-09,client
C-003,HEALTH_INSURANCE,2026-10-09,client
C-003,TRANSLATIONS,2026-10-09,client
C-003,DEGREE_RECOGNITION,2026-10-09,client
C-001,ADDRESS_REGISTRATION,2026-10-12,client
C-001,HOUSING,2026-10-12,client
C-001,EMPLOYER_DECLARATION,2026-10-12,hr
C-001,DEGREE_RECOGNITION,2026-10-12,client