case_id,rule_id,doc_code,document,provided_by,why_plain_english,added_on
C-001,R01,PASSPORT,Passport (valid for the whole planned stay) and a copy of all used pages,client,The office checks who you are and that your passport stays valid.,2026-09-21
C-001,R02,PHOTO,One recent biometric passport photo (35 x 45 mm),client,It goes on your residence card.,2026-09-21
C-001,R03,APPLICATION_FORM,Residence permit application form (signed),client,This is the actual application. We pre-fill it and you only sign.,2026-09-21
C-001,R04,ADDRESS_REGISTRATION,Proof that you registered your Hamburg address,client,Everyone who moves into a flat in Germany registers the address. The confirmation is usually asked for.,2026-09-21
C-001,R05,HOUSING,Rental contract and the landlord's move-in confirmation,client,Shows where you live. The landlord's confirmation is also needed for the address registration.,2026-09-21
C-001,R06,HEALTH_INSURANCE,Proof of health insurance,client,Health insurance is required for everyone living in Germany.,2026-09-21
C-001,R07,ENTRY_VISA,Copy of the entry visa you travelled on,client,"Shows how you entered. (In this illustrative rule set, US and Japanese nationals apply after arriving, so they skip this.)",2026-09-21
C-001,R09,EMPLOYMENT_CONTRACT,Signed employment contract or binding job offer,client,Shows the job you are coming for.,2026-09-21
C-001,R10,EMPLOYER_DECLARATION,Employer's declaration about the job (salary and hours),employer,A standard form your employer fills in. We ask HR for it directly.,2026-09-21
C-001,R11,DEGREE,University degree certificate and transcript,client,Shows your qualification.,2026-09-21
C-001,R12,DEGREE_RECOGNITION,Recognition or comparability statement for your degree,client,"Shows that your degree is comparable to a German one, if it isn't already listed as recognised.",2026-09-21
C-002,R01,PASSPORT,Passport (valid for the whole planned stay) and a copy of all used pages,client,The office checks who you are and that your passport stays valid.,2026-09-25
C-002,R02,PHOTO,One recent biometric passport photo (35 x 45 mm),client,It goes on your residence card.,2026-09-25
C-002,R03,APPLICATION_FORM,Residence permit application form (signed),client,This is the actual application. We pre-fill it and you only sign.,2026-09-25
C-002,R04,ADDRESS_REGISTRATION,Proof that you registered your Hamburg address,client,Everyone who moves into a flat in Germany registers the address. The confirmation is usually asked for.,2026-09-25
C-002,R05,HOUSING,Rental contract and the landlord's move-in confirmation,client,Shows where you live. The landlord's confirmation is also needed for the address registration.,2026-09-25
C-002,R06,HEALTH_INSURANCE,Proof of health insurance,client,Health insurance is required for everyone living in Germany.,2026-09-25
C-002,R09,EMPLOYMENT_CONTRACT,Signed employment contract or binding job offer,client,Shows the job you are coming for.,2026-09-25
C-002,R13,ASSIGNMENT_LETTER,Assignment letter from your company (role and duration of the transfer),employer,Explains the transfer within the company. We ask HR for it directly.,2026-09-25
C-002,R14,PRIOR_EMPLOYMENT,Proof that you have worked for the company group for some time before the transfer,employer,Intra-company transfers are for people already with the company. We ask HR for it directly.,2026-09-25
C-002,R15,QUALIFICATION,CV and proof of your qualification as a manager or specialist,client,Shows you fit the role you are being sent for.,2026-09-25
C-003,R01,PASSPORT,Passport (valid for the whole planned stay) and a copy of all used pages,client,The office checks who you are and that your passport stays valid.,2026-10-02
C-003,R02,PHOTO,One recent biometric passport photo (35 x 45 mm),client,It goes on your residence card.,2026-10-02
C-003,R03,APPLICATION_FORM,Residence permit application form (signed),client,This is the actual application. We pre-fill it and you only sign.,2026-10-02
C-003,R04,ADDRESS_REGISTRATION,Proof that you registered your Hamburg address,client,Everyone who moves into a flat in Germany registers the address. The confirmation is usually asked for.,2026-10-02
C-003,R05,HOUSING,Rental contract and the landlord's move-in confirmation,client,Shows where you live. The landlord's confirmation is also needed for the address registration.,2026-10-02
C-003,R06,HEALTH_INSURANCE,Proof of health insurance,client,Health insurance is required for everyone living in Germany.,2026-10-02
C-003,R07,ENTRY_VISA,Copy of the entry visa you travelled on,client,"Shows how you entered. (In this illustrative rule set, US and Japanese nationals apply after arriving, so they skip this.)",2026-10-02
C-003,R08,TRANSLATIONS,Certified translations of documents that are not in German or English,client,Offices usually only read German or English. A certified translator can help.,2026-10-02
C-003,R09,EMPLOYMENT_CONTRACT,Signed employment contract or binding job offer,client,Shows the job you are coming for.,2026-10-02
C-003,R10,EMPLOYER_DECLARATION,Employer's declaration about the job (salary and hours),employer,A standard form your employer fills in. We ask HR for it directly.,2026-10-02
C-003,R11,DEGREE,University degree certificate and transcript,client,Shows your qualification.,2026-10-02
C-003,R12,DEGREE_RECOGNITION,Recognition or comparability statement for your degree,client,"Shows that your degree is comparable to a German one, if it isn't already listed as recognised.",2026-10-02
C-004,R01,PASSPORT,Passport (valid for the whole planned stay) and a copy of all used pages,client,The office checks who you are and that your passport stays valid.,2026-10-12
C-004,R02,PHOTO,One recent biometric passport photo (35 x 45 mm),client,It goes on your residence card.,2026-10-12
C-004,R03,APPLICATION_FORM,Residence permit application form (signed),client,This is the actual application. We pre-fill it and you only sign.,2026-10-12
C-004,R04,ADDRESS_REGISTRATION,Proof that you registered your Hamburg address,client,Everyone who moves into a flat in Germany registers the address. The confirmation is usually asked for.,2026-10-12
C-004,R05,HOUSING,Rental contract and the landlord's move-in confirmation,client,Shows where you live. The landlord's confirmation is also needed for the address registration.,2026-10-12
C-004,R06,HEALTH_INSURANCE,Proof of health insurance,client,Health insurance is required for everyone living in Germany.,2026-10-12
C-004,R07,ENTRY_VISA,Copy of the entry visa you travelled on,client,"Shows how you entered. (In this illustrative rule set, US and Japanese nationals apply after arriving, so they skip this.)",2026-10-12
C-004,R09,EMPLOYMENT_CONTRACT,Signed employment contract or binding job offer,client,Shows the job you are coming for.,2026-10-12
C-004,R10,EMPLOYER_DECLARATION,Employer's declaration about the job (salary and hours),employer,A standard form your employer fills in. We ask HR for it directly.,2026-10-12
C-004,R11,DEGREE,University degree certificate and transcript,client,Shows your qualification.,2026-10-12
C-004,R12,DEGREE_RECOGNITION,Recognition or comparability statement for your degree,client,"Shows that your degree is comparable to a German one, if it isn't already listed as recognised.",2026-10-12